League Id,Date,Home,Score Home,Away,Score Away,Type,Played,Overtime,Shootout,Game Id
0,2003-9-24,0,3,19,0,Pre-Season,1,0,0,1248
0,2003-9-24,34,1,8,1,Pre-Season,1,1,0,1250
0,2003-9-24,16,1,33,3,Pre-Season,1,0,0,1246
0,2003-9-24,15,2,17,3,Pre-Season,1,1,0,1252
0,2003-9-24,24,1,28,5,Pre-Season,1,0,0,1258
0,2003-9-24,11,4,21,2,Pre-Season,1,0,0,1260
0,2003-9-24,32,4,5,3,Pre-Season,1,0,0,1256
0,2003-9-24,9,4,14,4,Pre-Season,1,1,0,1254
0,2003-9-24,31,2,23,2,Pre-Season,1,1,0,1232
0,2003-9-24,3,3,30,2,Pre-Season,1,1,0,1234
0,2003-9-24,18,2,35,1,Pre-Season,1,0,0,1236
0,2003-9-24,22,3,26,3,Pre-Season,1,1,0,1244
0,2003-9-24,20,4,29,1,Pre-Season,1,0,0,1240
0,2003-9-24,10,2,12,1,Pre-Season,1,0,0,1242
0,2003-9-24,27,2,25,4,Pre-Season,1,0,0,1238
0,2003-9-25,25,5,21,1,Pre-Season,1,0,0,1280
0,2003-9-25,33,1,12,3,Pre-Season,1,0,0,1278
0,2003-9-25,5,2,24,2,Pre-Season,1,1,0,1282
0,2003-9-25,30,1,11,3,Pre-Season,1,0,0,1286
0,2003-9-25,16,3,31,0,Pre-Season,1,0,0,1288
0,2003-9-25,35,2,3,3,Pre-Season,1,0,0,1290
0,2003-9-25,23,4,14,2,Pre-Season,1,0,0,1276
0,2003-9-25,29,1,8,3,Pre-Season,1,0,0,1284
0,2003-9-25,28,0,27,0,Pre-Season,1,1,0,1262
0,2003-9-25,20,1,9,3,Pre-Season,1,0,0,1264
0,2003-9-25,19,2,32,0,Pre-Season,1,0,0,1266
0,2003-9-25,10,2,15,3,Pre-Season,1,0,0,1274
0,2003-9-25,26,3,0,1,Pre-Season,1,0,0,1270
0,2003-9-25,22,4,34,1,Pre-Season,1,0,0,1272
0,2003-9-25,17,3,18,6,Pre-Season,1,0,0,1268
0,2003-9-27,8,3,31,2,Pre-Season,1,0,0,1312
0,2003-9-27,12,2,30,0,Pre-Season,1,0,0,1308
0,2003-9-27,15,2,23,2,Pre-Season,1,1,0,1314
0,2003-9-27,11,0,25,1,Pre-Season,1,0,0,1316
0,2003-9-27,24,2,35,2,Pre-Season,1,1,0,1318
0,2003-9-27,33,2,10,3,Pre-Season,1,0,0,1320
0,2003-9-27,32,4,27,0,Pre-Season,1,0,0,1306
0,2003-9-27,21,2,19,3,Pre-Season,1,0,0,1310
0,2003-9-27,14,3,20,4,Pre-Season,1,1,0,1292
0,2003-9-27,16,5,22,3,Pre-Season,1,0,0,1294
0,2003-9-27,3,3,17,5,Pre-Season,1,0,0,1296
0,2003-9-27,9,1,5,0,Pre-Season,1,0,0,1304
0,2003-9-27,18,1,28,3,Pre-Season,1,0,0,1302
0,2003-9-27,0,3,34,1,Pre-Season,1,0,0,1298
0,2003-9-27,26,0,29,1,Pre-Season,1,1,0,1300
0,2003-9-28,0,2,15,5,Pre-Season,1,0,0,1338
0,2003-9-28,27,3,20,1,Pre-Season,1,0,0,1342
0,2003-9-28,34,3,31,3,Pre-Season,1,1,0,1340
0,2003-9-28,35,4,21,2,Pre-Season,1,0,0,1344
0,2003-9-28,25,7,18,2,Pre-Season,1,0,0,1348
0,2003-9-28,29,1,26,4,Pre-Season,1,0,0,1350
0,2003-9-28,3,1,16,3,Pre-Season,1,0,0,1346
0,2003-9-28,17,1,8,3,Pre-Season,1,0,0,1336
0,2003-9-28,9,2,12,3,Pre-Season,1,0,0,1322
0,2003-9-28,30,2,32,1,Pre-Season,1,0,0,1326
0,2003-9-28,23,2,24,3,Pre-Season,1,1,0,1328
0,2003-9-28,10,3,11,1,Pre-Season,1,0,0,1324
0,2003-9-28,28,5,33,1,Pre-Season,1,0,0,1334
0,2003-9-28,22,1,14,1,Pre-Season,1,1,0,1330
0,2003-9-28,5,2,19,3,Pre-Season,1,0,0,1332
0,2003-9-30,19,4,28,1,Pre-Season,1,0,0,1374
0,2003-9-30,25,1,9,1,Pre-Season,1,1,0,1372
0,2003-9-30,31,1,16,5,Pre-Season,1,0,0,1370
0,2003-9-30,27,1,17,2,Pre-Season,1,0,0,1380
0,2003-9-30,18,7,20,6,Pre-Season,1,1,0,1378
0,2003-9-30,34,1,30,3,Pre-Season,1,0,0,1368
0,2003-9-30,26,1,35,4,Pre-Season,1,0,0,1376
0,2003-9-30,8,2,22,0,Pre-Season,1,0,0,1366
0,2003-9-30,32,3,5,6,Pre-Season,1,0,0,1352
0,2003-9-30,23,1,29,1,Pre-Season,1,1,0,1356
0,2003-9-30,12,3,0,1,Pre-Season,1,0,0,1358
0,2003-9-30,21,7,11,6,Pre-Season,1,0,0,1354
0,2003-9-30,33,5,10,3,Pre-Season,1,0,0,1364
0,2003-9-30,24,0,14,3,Pre-Season,1,0,0,1360
0,2003-9-30,15,3,3,4,Pre-Season,1,1,0,1362
0,2003-10-2,20,2,30,1,Pre-Season,1,0,0,1404
0,2003-10-2,29,2,24,2,Pre-Season,1,1,0,1402
0,2003-10-2,22,2,32,0,Pre-Season,1,0,0,1400
0,2003-10-2,16,0,27,1,Pre-Season,1,0,0,1410
0,2003-10-2,10,0,12,3,Pre-Season,1,0,0,1408
0,2003-10-2,34,1,31,5,Pre-Season,1,0,0,1398
0,2003-10-2,35,2,3,5,Pre-Season,1,0,0,1406
0,2003-10-2,17,2,23,6,Pre-Season,1,0,0,1390
0,2003-10-2,14,2,26,1,Pre-Season,1,0,0,1382
0,2003-10-2,5,3,8,2,Pre-Season,1,0,0,1384
0,2003-10-2,9,3,33,4,Pre-Season,1,0,0,1386
0,2003-10-2,11,1,19,3,Pre-Season,1,0,0,1396
0,2003-10-2,0,1,21,2,Pre-Season,1,0,0,1392
0,2003-10-2,18,1,25,8,Pre-Season,1,0,0,1394
0,2003-10-2,28,3,15,0,Pre-Season,1,0,0,1388
0,2003-10-3,27,2,30,1,Pre-Season,1,1,0,1430
0,2003-10-3,12,4,18,2,Pre-Season,1,0,0,1428
0,2003-10-3,22,5,9,0,Pre-Season,1,0,0,1432
0,2003-10-3,33,0,15,3,Pre-Season,1,0,0,1434
0,2003-10-3,28,5,14,1,Pre-Season,1,0,0,1436
0,2003-10-3,29,0,20,5,Pre-Season,1,0,0,1438
0,2003-10-3,31,1,11,5,Pre-Season,1,0,0,1426
0,2003-10-3,25,2,10,1,Pre-Season,1,0,0,1424
0,2003-10-3,19,6,5,2,Pre-Season,1,0,0,1412
0,2003-10-3,23,1,0,3,Pre-Season,1,0,0,1414
0,2003-10-3,3,0,21,2,Pre-Season,1,0,0,1440
0,2003-10-3,32,4,17,3,Pre-Season,1,0,0,1416
0,2003-10-3,24,0,35,2,Pre-Season,1,0,0,1420
0,2003-10-3,34,2,16,3,Pre-Season,1,0,0,1422
0,2003-10-3,26,2,8,2,Pre-Season,1,1,0,1418
0,2003-10-8,5,1,21,4,Regular Season,1,0,0,0
0,2003-10-8,8,3,35,2,Regular Season,1,0,0,1
0,2003-10-8,12,1,30,5,Regular Season,1,0,0,2
0,2003-10-9,28,2,0,4,Regular Season,1,0,0,8
0,2003-10-9,14,1,17,1,Regular Season,1,1,0,9
0,2003-10-9,18,3,19,4,Regular Season,1,0,0,10
0,2003-10-9,32,0,30,1,Regular Season,1,0,0,7
0,2003-10-9,22,3,20,1,Regular Season,1,0,0,11
0,2003-10-9,33,3,34,2,Regular Season,1,0,0,3
0,2003-10-9,31,0,24,5,Regular Season,1,0,0,6
0,2003-10-9,9,6,11,1,Regular Season,1,0,0,4
0,2003-10-9,23,3,27,1,Regular Season,1,0,0,5
0,2003-10-10,15,2,11,2,Regular Season,1,1,0,15
0,2003-10-10,26,0,16,4,Regular Season,1,0,0,14
0,2003-10-10,29,2,5,5,Regular Season,1,0,0,16
0,2003-10-10,35,2,10,2,Regular Season,1,1,0,13
0,2003-10-10,25,4,8,3,Regular Season,1,0,0,12
0,2003-10-11,28,2,9,3,Regular Season,1,1,0,23
0,2003-10-11,32,2,12,2,Regular Season,1,1,0,22
0,2003-10-11,14,5,15,2,Regular Season,1,0,0,24
0,2003-10-11,22,8,33,3,Regular Season,1,0,0,27
0,2003-10-11,3,1,0,2,Regular Season,1,0,0,25
0,2003-10-11,18,3,23,2,Regular Season,1,0,0,26
0,2003-10-11,17,4,20,3,Regular Season,1,0,0,17
0,2003-10-11,24,0,21,3,Regular Season,1,0,0,18
0,2003-10-11,31,2,5,2,Regular Season,1,1,0,21
0,2003-10-11,34,1,10,2,Regular Season,1,0,0,19
0,2003-10-11,19,2,27,5,Regular Season,1,0,0,20
0,2003-10-12,35,2,27,1,Regular Season,1,0,0,31
0,2003-10-12,30,0,26,1,Regular Season,1,0,0,30
0,2003-10-12,25,3,16,1,Regular Season,1,0,0,29
0,2003-10-12,8,3,11,5,Regular Season,1,0,0,28
0,2003-10-13,3,3,22,1,Regular Season,1,0,0,35
0,2003-10-13,34,3,18,2,Regular Season,1,0,0,34
0,2003-10-13,24,0,31,2,Regular Season,1,0,0,33
0,2003-10-13,17,1,12,3,Regular Season,1,0,0,32
0,2003-10-14,0,0,22,0,Regular Season,1,1,0,38
0,2003-10-14,19,3,23,3,Regular Season,1,1,0,37
0,2003-10-14,33,1,20,3,Regular Season,1,0,0,36
0,2003-10-15,11,3,28,0,Regular Season,1,0,0,41
0,2003-10-15,12,1,5,3,Regular Season,1,0,0,39
0,2003-10-15,31,2,26,2,Regular Season,1,1,0,40
0,2003-10-16,32,3,16,2,Regular Season,1,0,0,48
0,2003-10-16,10,3,33,0,Regular Season,1,0,0,49
0,2003-10-16,27,1,14,7,Regular Season,1,0,0,50
0,2003-10-16,21,5,3,2,Regular Season,1,0,0,47
0,2003-10-16,0,1,15,2,Regular Season,1,0,0,46
0,2003-10-16,34,2,8,6,Regular Season,1,0,0,42
0,2003-10-16,29,5,26,2,Regular Season,1,0,0,51
0,2003-10-16,9,4,18,2,Regular Season,1,0,0,43
0,2003-10-16,35,4,25,1,Regular Season,1,0,0,45
0,2003-10-16,23,2,17,3,Regular Season,1,0,0,44
0,2003-10-17,30,2,28,5,Regular Season,1,0,0,53
0,2003-10-17,12,4,22,1,Regular Season,1,0,0,52
0,2003-10-18,20,3,31,1,Regular Season,1,0,0,62
0,2003-10-18,10,4,24,2,Regular Season,1,0,0,63
0,2003-10-18,26,3,14,0,Regular Season,1,0,0,64
0,2003-10-18,27,5,28,1,Regular Season,1,0,0,66
0,2003-10-18,16,2,22,1,Regular Season,1,0,0,67
0,2003-10-18,32,7,34,1,Regular Season,1,0,0,61
0,2003-10-18,15,4,9,5,Regular Season,1,0,0,65
0,2003-10-18,33,1,8,3,Regular Season,1,0,0,54
0,2003-10-18,19,3,17,1,Regular Season,1,0,0,55
0,2003-10-18,23,4,25,2,Regular Season,1,0,0,56
0,2003-10-18,21,3,29,1,Regular Season,1,0,0,60
0,2003-10-18,35,2,18,2,Regular Season,1,1,0,58
0,2003-10-18,0,4,3,3,Regular Season,1,1,0,59
0,2003-10-18,11,3,5,3,Regular Season,1,1,0,57
0,2003-10-19,30,3,5,4,Regular Season,1,0,0,70
0,2003-10-19,12,2,35,3,Regular Season,1,1,0,69
0,2003-10-19,8,3,32,1,Regular Season,1,0,0,68
0,2003-10-20,18,1,17,1,Regular Season,1,1,0,74
0,2003-10-20,10,5,31,2,Regular Season,1,0,0,73
0,2003-10-20,0,2,9,2,Regular Season,1,1,0,71
0,2003-10-20,20,4,3,2,Regular Season,1,0,0,72
0,2003-10-21,29,4,33,5,Regular Season,1,0,0,80
0,2003-10-21,35,1,19,4,Regular Season,1,0,0,78
0,2003-10-21,27,0,30,3,Regular Season,1,0,0,79
0,2003-10-21,25,3,5,2,Regular Season,1,0,0,75
0,2003-10-21,11,1,14,1,Regular Season,1,1,0,77
0,2003-10-21,23,1,16,1,Regular Season,1,1,0,76
0,2003-10-22,18,2,16,3,Regular Season,1,0,0,86
0,2003-10-22,21,1,31,0,Regular Season,1,0,0,84
0,2003-10-22,15,2,24,0,Regular Season,1,0,0,85
0,2003-10-22,12,3,3,6,Regular Season,1,0,0,81
0,2003-10-22,30,1,14,1,Regular Season,1,1,0,83
0,2003-10-22,9,4,34,6,Regular Season,1,0,0,82
0,2003-10-23,28,4,22,0,Regular Season,1,0,0,93
0,2003-10-23,26,3,3,3,Regular Season,1,1,0,94
0,2003-10-23,27,3,8,4,Regular Season,1,0,0,95
0,2003-10-23,11,2,17,2,Regular Season,1,1,0,91
0,2003-10-23,0,6,20,2,Regular Season,1,0,0,92
0,2003-10-23,5,7,24,1,Regular Season,1,0,0,88
0,2003-10-23,33,2,32,1,Regular Season,1,0,0,87
0,2003-10-23,34,2,29,5,Regular Season,1,0,0,89
0,2003-10-23,25,2,23,2,Regular Season,1,1,0,90
0,2003-10-24,15,1,21,5,Regular Season,1,0,0,100
0,2003-10-24,30,1,17,2,Regular Season,1,0,0,99
0,2003-10-24,31,4,35,5,Regular Season,1,0,0,98
0,2003-10-24,9,0,12,1,Regular Season,1,0,0,97
0,2003-10-24,19,3,16,4,Regular Season,1,0,0,96
0,2003-10-25,23,3,19,0,Regular Season,1,0,0,103
0,2003-10-25,34,0,12,4,Regular Season,1,0,0,102
0,2003-10-25,33,6,31,0,Regular Season,1,0,0,101
0,2003-10-25,11,2,8,5,Regular Season,1,0,0,104
0,2003-10-25,0,1,28,4,Regular Season,1,0,0,105
0,2003-10-25,3,0,22,2,Regular Season,1,0,0,113
0,2003-10-25,29,2,35,3,Regular Season,1,0,0,112
0,2003-10-25,14,3,24,1,Regular Season,1,0,0,110
0,2003-10-25,27,2,26,0,Regular Season,1,0,0,111
0,2003-10-25,10,3,9,1,Regular Season,1,0,0,109
0,2003-10-25,32,2,25,1,Regular Season,1,0,0,107
0,2003-10-25,21,3,5,3,Regular Season,1,1,0,106
0,2003-10-25,20,3,15,2,Regular Season,1,0,0,108
0,2003-10-26,18,0,26,2,Regular Season,1,0,0,116
0,2003-10-26,30,2,8,4,Regular Season,1,0,0,115
0,2003-10-26,25,3,17,2,Regular Season,1,1,0,114
0,2003-10-27,3,4,33,2,Regular Season,1,0,0,118
0,2003-10-27,14,5,0,1,Regular Season,1,0,0,117
0,2003-10-28,26,3,8,2,Regular Season,1,0,0,125
0,2003-10-28,16,3,32,3,Regular Season,1,1,0,126
0,2003-10-28,18,3,34,5,Regular Season,1,0,0,127
0,2003-10-28,20,6,21,3,Regular Season,1,0,0,123
0,2003-10-28,10,6,30,1,Regular Season,1,0,0,124
0,2003-10-28,24,4,27,3,Regular Season,1,0,0,120
0,2003-10-28,17,5,35,2,Regular Season,1,0,0,119
0,2003-10-28,25,3,19,2,Regular Season,1,0,0,121
0,2003-10-28,0,3,5,4,Regular Season,1,0,0,122
0,2003-10-29,22,6,30,3,Regular Season,1,0,0,132
0,2003-10-29,15,6,20,2,Regular Season,1,0,0,131
0,2003-10-29,9,1,16,1,Regular Season,1,1,0,129
0,2003-10-29,14,6,31,2,Regular Season,1,0,0,130
0,2003-10-29,12,1,19,3,Regular Season,1,0,0,128
0,2003-10-30,21,6,14,3,Regular Season,1,0,0,139
0,2003-10-30,32,0,9,2,Regular Season,1,0,0,140
0,2003-10-30,28,1,31,1,Regular Season,1,1,0,142
0,2003-10-30,29,2,27,1,Regular Season,1,0,0,143
0,2003-10-30,35,2,33,3,Regular Season,1,0,0,138
0,2003-10-30,10,1,24,3,Regular Season,1,0,0,141
0,2003-10-30,5,3,0,2,Regular Season,1,0,0,133
0,2003-10-30,17,1,3,1,Regular Season,1,1,0,134
0,2003-10-30,11,1,18,2,Regular Season,1,0,0,137
0,2003-10-30,8,6,15,3,Regular Season,1,0,0,135
0,2003-10-30,23,1,34,0,Regular Season,1,1,0,136
0,2003-10-31,22,2,33,3,Regular Season,1,0,0,145
0,2003-10-31,26,1,18,0,Regular Season,1,1,0,144
0,2003-11-1,20,2,30,2,Regular Season,1,1,0,154
0,2003-11-1,28,1,17,2,Regular Season,1,0,0,155
0,2003-11-1,16,3,8,4,Regular Season,1,0,0,157
0,2003-11-1,32,2,12,1,Regular Season,1,0,0,153
0,2003-11-1,3,5,14,1,Regular Season,1,0,0,159
0,2003-11-1,15,5,5,3,Regular Season,1,0,0,156
0,2003-11-1,29,1,24,0,Regular Season,1,0,0,158
0,2003-11-1,19,4,34,2,Regular Season,1,0,0,146
0,2003-11-1,23,2,9,5,Regular Season,1,0,0,147
0,2003-11-1,31,3,27,4,Regular Season,1,0,0,148
0,2003-11-1,21,1,25,0,Regular Season,1,0,0,152
0,2003-11-1,0,1,10,1,Regular Season,1,1,0,151
0,2003-11-1,11,4,26,1,Regular Season,1,0,0,149
0,2003-11-1,35,1,22,1,Regular Season,1,1,0,150
0,2003-11-2,12,2,32,4,Regular Season,1,0,0,163
0,2003-11-2,8,2,30,3,Regular Season,1,0,0,162
0,2003-11-2,10,1,25,0,Regular Season,1,0,0,164
0,2003-11-2,24,2,3,3,Regular Season,1,0,0,161
0,2003-11-2,33,5,27,1,Regular Season,1,0,0,160
0,2003-11-3,18,3,9,2,Regular Season,1,0,0,166
0,2003-11-3,20,0,28,2,Regular Season,1,0,0,165
0,2003-11-4,29,4,22,1,Regular Season,1,0,0,172
0,2003-11-4,3,0,15,2,Regular Season,1,0,0,173
0,2003-11-4,16,2,30,0,Regular Season,1,0,0,171
0,2003-11-4,10,3,12,2,Regular Season,1,0,0,170
0,2003-11-4,25,1,35,3,Regular Season,1,0,0,168
0,2003-11-4,19,1,9,3,Regular Season,1,0,0,167
0,2003-11-4,0,3,23,1,Regular Season,1,0,0,169
0,2003-11-5,32,1,18,3,Regular Season,1,0,0,177
0,2003-11-5,21,2,27,2,Regular Season,1,1,0,176
0,2003-11-5,31,1,11,6,Regular Season,1,0,0,175
0,2003-11-5,17,4,33,3,Regular Season,1,0,0,174
0,2003-11-6,14,3,22,0,Regular Season,1,0,0,183
0,2003-11-6,29,3,11,2,Regular Season,1,0,0,185
0,2003-11-6,28,2,23,1,Regular Season,1,0,0,182
0,2003-11-6,16,4,18,1,Regular Season,1,0,0,184
0,2003-11-6,5,0,27,1,Regular Season,1,0,0,178
0,2003-11-6,20,5,12,2,Regular Season,1,0,0,181
0,2003-11-6,24,1,10,1,Regular Season,1,1,0,179
0,2003-11-6,25,3,26,0,Regular Season,1,0,0,180
0,2003-11-7,21,5,3,1,Regular Season,1,0,0,190
0,2003-11-7,31,4,15,3,Regular Season,1,0,0,189
0,2003-11-7,32,2,8,1,Regular Season,1,0,0,191
0,2003-11-7,17,2,0,3,Regular Season,1,0,0,186
0,2003-11-7,19,2,35,3,Regular Season,1,1,0,188
0,2003-11-7,34,3,33,2,Regular Season,1,0,0,187
0,2003-11-8,16,0,31,4,Regular Season,1,0,0,200
0,2003-11-8,29,4,15,1,Regular Season,1,0,0,201
0,2003-11-8,3,3,23,3,Regular Season,1,1,0,202
0,2003-11-8,18,2,35,4,Regular Season,1,0,0,203
0,2003-11-8,22,2,27,5,Regular Season,1,0,0,204
0,2003-11-8,26,4,30,2,Regular Season,1,0,0,199
0,2003-11-8,10,1,14,5,Regular Season,1,0,0,197
0,2003-11-8,24,7,11,1,Regular Season,1,0,0,193
0,2003-11-8,9,2,32,2,Regular Season,1,1,0,194
0,2003-11-8,5,4,12,3,Regular Season,1,0,0,192
0,2003-11-8,28,2,21,1,Regular Season,1,0,0,198
0,2003-11-8,0,5,17,3,Regular Season,1,0,0,195
0,2003-11-8,20,2,33,4,Regular Season,1,0,0,196
0,2003-11-9,30,5,26,2,Regular Season,1,0,0,208
0,2003-11-9,8,1,25,2,Regular Season,1,0,0,207
0,2003-11-9,34,3,19,3,Regular Season,1,1,0,206
0,2003-11-9,24,0,29,3,Regular Season,1,0,0,205
0,2003-11-10,9,4,8,1,Regular Season,1,0,0,209
0,2003-11-10,10,3,23,2,Regular Season,1,1,0,210
0,2003-11-10,22,5,11,2,Regular Season,1,0,0,211
0,2003-11-11,35,2,18,4,Regular Season,1,0,0,215
0,2003-11-11,14,1,20,4,Regular Season,1,0,0,217
0,2003-11-11,27,2,25,3,Regular Season,1,0,0,218
0,2003-11-11,0,1,34,0,Regular Season,1,0,0,216
0,2003-11-11,5,1,23,4,Regular Season,1,0,0,213
0,2003-11-11,33,1,28,1,Regular Season,1,1,0,212
0,2003-11-11,31,2,29,2,Regular Season,1,1,0,214
0,2003-11-12,10,6,15,0,Regular Season,1,0,0,223
0,2003-11-12,30,2,3,4,Regular Season,1,0,0,222
0,2003-11-12,22,4,24,4,Regular Season,1,1,0,224
0,2003-11-12,17,1,21,3,Regular Season,1,0,0,219
0,2003-11-12,12,4,9,2,Regular Season,1,0,0,221
0,2003-11-12,8,1,19,1,Regular Season,1,1,0,220
0,2003-11-13,14,4,18,1,Regular Season,1,0,0,232
0,2003-11-13,26,4,25,2,Regular Season,1,0,0,233
0,2003-11-13,27,0,16,3,Regular Season,1,0,0,234
0,2003-11-13,28,1,34,2,Regular Season,1,0,0,231
0,2003-11-13,20,3,0,1,Regular Season,1,0,0,230
0,2003-11-13,24,2,33,3,Regular Season,1,0,0,225
0,2003-11-13,35,2,23,1,Regular Season,1,0,0,227
0,2003-11-13,11,1,3,1,Regular Season,1,1,0,226
0,2003-11-13,21,5,31,1,Regular Season,1,0,0,228
0,2003-11-13,32,2,19,2,Regular Season,1,1,0,229
0,2003-11-14,12,3,26,4,Regular Season,1,0,0,238
0,2003-11-14,8,4,9,3,Regular Season,1,0,0,237
0,2003-11-14,22,1,29,1,Regular Season,1,1,0,239
0,2003-11-14,34,4,5,4,Regular Season,1,1,0,236
0,2003-11-14,17,4,15,0,Regular Season,1,0,0,235
0,2003-11-15,28,6,0,2,Regular Season,1,0,0,248
0,2003-11-15,32,5,20,3,Regular Season,1,0,0,247
0,2003-11-15,14,2,33,2,Regular Season,1,1,0,249
0,2003-11-15,27,4,3,0,Regular Season,1,0,0,251
0,2003-11-15,15,0,31,2,Regular Season,1,0,0,250
0,2003-11-15,21,5,10,1,Regular Season,1,0,0,246
0,2003-11-15,5,6,18,1,Regular Season,1,0,0,240
0,2003-11-15,25,2,12,2,Regular Season,1,1,0,242
0,2003-11-15,24,2,22,1,Regular Season,1,1,0,241
0,2003-11-15,23,0,19,6,Regular Season,1,0,0,243
0,2003-11-15,35,1,9,2,Regular Season,1,0,0,245
0,2003-11-15,11,2,16,3,Regular Season,1,0,0,244
0,2003-11-16,30,1,16,2,Regular Season,1,0,0,255
0,2003-11-16,8,3,10,0,Regular Season,1,0,0,254
0,2003-11-16,34,1,26,1,Regular Season,1,1,0,253
0,2003-11-16,33,1,31,1,Regular Season,1,1,0,252
0,2003-11-17,28,7,17,3,Regular Season,1,0,0,256
0,2003-11-18,18,4,0,1,Regular Season,1,0,0,262
0,2003-11-18,23,1,8,1,Regular Season,1,1,0,260
0,2003-11-18,27,2,10,2,Regular Season,1,1,0,261
0,2003-11-18,24,5,14,1,Regular Season,1,0,0,257
0,2003-11-18,25,3,30,0,Regular Season,1,0,0,259
0,2003-11-18,19,3,3,1,Regular Season,1,0,0,258
0,2003-11-19,21,0,17,5,Regular Season,1,0,0,268
0,2003-11-19,26,1,16,3,Regular Season,1,0,0,269
0,2003-11-19,15,3,35,2,Regular Season,1,0,0,270
0,2003-11-19,11,3,32,0,Regular Season,1,0,0,267
0,2003-11-19,33,2,5,1,Regular Season,1,0,0,263
0,2003-11-19,12,1,30,2,Regular Season,1,0,0,264
0,2003-11-19,31,2,20,2,Regular Season,1,1,0,266
0,2003-11-19,9,1,34,2,Regular Season,1,1,0,265
0,2003-11-20,14,0,35,3,Regular Season,1,0,0,277
0,2003-11-20,29,3,20,2,Regular Season,1,0,0,278
0,2003-11-20,18,5,8,5,Regular Season,1,1,0,279
0,2003-11-20,23,3,3,5,Regular Season,1,0,0,275
0,2003-11-20,28,5,24,2,Regular Season,1,0,0,276
0,2003-11-20,34,1,9,4,Regular Season,1,0,0,272
0,2003-11-20,5,1,22,1,Regular Season,1,1,0,271
0,2003-11-20,19,0,0,1,Regular Season,1,0,0,273
0,2003-11-20,25,3,10,2,Regular Season,1,1,0,274
0,2003-11-21,30,1,32,6,Regular Season,1,0,0,283
0,2003-11-21,21,3,15,2,Regular Season,1,0,0,284
0,2003-11-21,26,4,27,1,Regular Season,1,0,0,285
0,2003-11-21,17,4,24,1,Regular Season,1,0,0,280
0,2003-11-21,31,1,33,3,Regular Season,1,0,0,282
0,2003-11-21,12,1,11,1,Regular Season,1,1,0,281
0,2003-11-22,16,4,12,0,Regular Season,1,0,0,294
0,2003-11-22,27,2,32,1,Regular Season,1,0,0,293
0,2003-11-22,29,2,17,2,Regular Season,1,1,0,295
0,2003-11-22,22,4,31,1,Regular Season,1,0,0,297
0,2003-11-22,18,8,3,3,Regular Season,1,0,0,296
0,2003-11-22,15,2,28,0,Regular Season,1,0,0,292
0,2003-11-22,19,2,8,2,Regular Season,1,1,0,287
0,2003-11-22,25,4,11,2,Regular Season,1,0,0,288
0,2003-11-22,34,2,20,1,Regular Season,1,0,0,286
0,2003-11-22,14,3,5,5,Regular Season,1,0,0,291
0,2003-11-22,23,5,0,2,Regular Season,1,0,0,289
0,2003-11-22,35,3,9,1,Regular Season,1,0,0,290
0,2003-11-23,24,1,29,3,Regular Season,1,0,0,299
0,2003-11-23,10,1,28,1,Regular Season,1,1,0,300
0,2003-11-23,33,8,26,2,Regular Season,1,0,0,298
0,2003-11-24,3,3,18,4,Regular Season,1,1,0,305
0,2003-11-24,31,3,17,4,Regular Season,1,0,0,304
0,2003-11-24,9,3,22,1,Regular Season,1,0,0,303
0,2003-11-24,12,3,26,2,Regular Season,1,0,0,302
0,2003-11-24,25,2,32,2,Regular Season,1,1,0,301
0,2003-11-25,29,1,10,2,Regular Season,1,0,0,311
0,2003-11-25,16,1,5,2,Regular Season,1,0,0,310
0,2003-11-25,0,4,18,2,Regular Season,1,0,0,309
0,2003-11-25,34,2,23,1,Regular Season,1,0,0,307
0,2003-11-25,33,6,28,2,Regular Season,1,0,0,306
0,2003-11-25,11,3,21,2,Regular Season,1,0,0,308
0,2003-11-26,9,5,23,2,Regular Season,1,0,0,313
0,2003-11-26,17,3,22,2,Regular Season,1,0,0,312
0,2003-11-26,31,3,10,1,Regular Season,1,0,0,314
0,2003-11-26,30,2,21,4,Regular Season,1,0,0,315
0,2003-11-26,27,1,8,3,Regular Season,1,0,0,320
0,2003-11-26,20,4,24,1,Regular Season,1,0,0,318
0,2003-11-26,15,1,14,4,Regular Season,1,0,0,319
0,2003-11-26,32,4,34,2,Regular Season,1,0,0,317
0,2003-11-26,35,2,12,1,Regular Season,1,0,0,316
0,2003-11-27,26,3,11,4,Regular Season,1,0,0,324
0,2003-11-27,28,4,18,2,Regular Season,1,0,0,323
0,2003-11-27,19,3,25,0,Regular Season,1,0,0,322
0,2003-11-27,33,4,3,2,Regular Season,1,0,0,321
0,2003-11-28,14,4,24,2,Regular Season,1,0,0,332
0,2003-11-28,15,1,10,2,Regular Season,1,0,0,333
0,2003-11-28,29,3,16,4,Regular Season,1,1,0,334
0,2003-11-28,22,4,0,3,Regular Season,1,0,0,335
0,2003-11-28,35,2,27,1,Regular Season,1,0,0,331
0,2003-11-28,9,4,20,0,Regular Season,1,0,0,328
0,2003-11-28,30,1,8,1,Regular Season,1,1,0,330
0,2003-11-28,17,1,31,2,Regular Season,1,0,0,326
0,2003-11-28,5,5,32,2,Regular Season,1,0,0,325
0,2003-11-28,12,0,21,0,Regular Season,1,1,0,327
0,2003-11-28,23,5,25,3,Regular Season,1,0,0,329
0,2003-11-29,32,2,17,3,Regular Season,1,0,0,342
0,2003-11-29,20,0,14,2,Regular Season,1,0,0,343
0,2003-11-29,16,3,9,2,Regular Season,1,0,0,345
0,2003-11-29,0,1,31,1,Regular Season,1,1,0,341
0,2003-11-29,28,3,3,0,Regular Season,1,0,0,344
0,2003-11-29,33,4,29,1,Regular Season,1,0,0,336
0,2003-11-29,24,2,15,2,Regular Season,1,1,0,337
0,2003-11-29,11,2,8,3,Regular Season,1,0,0,340
0,2003-11-29,34,4,22,5,Regular Season,1,0,0,338
0,2003-11-29,19,2,18,1,Regular Season,1,0,0,339
0,2003-11-30,10,4,3,4,Regular Season,1,1,0,351
0,2003-11-30,23,4,27,0,Regular Season,1,0,0,349
0,2003-11-30,35,2,30,5,Regular Season,1,0,0,350
0,2003-11-30,5,3,26,1,Regular Season,1,0,0,346
0,2003-11-30,12,2,11,3,Regular Season,1,0,0,348
0,2003-11-30,25,5,21,1,Regular Season,1,0,0,347
0,2003-12-1,15,2,33,3,Regular Season,1,0,0,353
0,2003-12-1,28,5,14,1,Regular Season,1,0,0,352
0,2003-12-2,16,2,11,3,Regular Season,1,0,0,359
0,2003-12-2,3,4,10,2,Regular Season,1,0,0,360
0,2003-12-2,21,3,26,0,Regular Season,1,0,0,357
0,2003-12-2,20,1,22,5,Regular Season,1,0,0,358
0,2003-12-2,19,3,27,5,Regular Season,1,0,0,355
0,2003-12-2,34,5,30,3,Regular Season,1,0,0,354
0,2003-12-2,0,1,29,2,Regular Season,1,0,0,356
0,2003-12-3,31,1,28,7,Regular Season,1,0,0,366
0,2003-12-3,14,2,15,2,Regular Season,1,1,0,367
0,2003-12-3,9,0,30,3,Regular Season,1,0,0,364
0,2003-12-3,23,0,35,0,Regular Season,1,1,0,365
0,2003-12-3,24,0,32,3,Regular Season,1,0,0,362
0,2003-12-3,33,5,5,2,Regular Season,1,0,0,361
0,2003-12-3,8,1,17,5,Regular Season,1,0,0,363
0,2003-12-4,27,0,25,5,Regular Season,1,0,0,374
0,2003-12-4,16,4,9,5,Regular Season,1,0,0,375
0,2003-12-4,29,3,28,0,Regular Season,1,0,0,376
0,2003-12-4,18,4,19,1,Regular Season,1,0,0,377
0,2003-12-4,20,3,10,2,Regular Season,1,0,0,373
0,2003-12-4,5,3,3,2,Regular Season,1,0,0,368
0,2003-12-4,17,2,26,0,Regular Season,1,0,0,369
0,2003-12-4,21,1,22,0,Regular Season,1,0,0,372
0,2003-12-4,34,1,32,2,Regular Season,1,0,0,370
0,2003-12-4,11,2,12,3,Regular Season,1,1,0,371
0,2003-12-5,14,2,26,2,Regular Season,1,1,0,381
0,2003-12-5,19,2,35,3,Regular Season,1,1,0,380
0,2003-12-5,24,4,0,2,Regular Season,1,0,0,379
0,2003-12-5,33,5,30,6,Regular Season,1,0,0,378
0,2003-12-6,28,4,21,1,Regular Season,1,0,0,390
0,2003-12-6,27,0,12,2,Regular Season,1,0,0,391
0,2003-12-6,18,4,35,2,Regular Season,1,0,0,394
0,2003-12-6,3,5,9,3,Regular Season,1,0,0,393
0,2003-12-6,20,3,8,3,Regular Season,1,1,0,389
0,2003-12-6,16,1,32,2,Regular Season,1,0,0,392
0,2003-12-6,31,1,33,2,Regular Season,1,0,0,386
0,2003-12-6,5,3,14,4,Regular Season,1,1,0,382
0,2003-12-6,17,1,29,2,Regular Season,1,0,0,383
0,2003-12-6,0,2,24,1,Regular Season,1,0,0,388
0,2003-12-6,25,3,34,1,Regular Season,1,0,0,384
0,2003-12-6,23,4,15,0,Regular Season,1,0,0,385
0,2003-12-6,11,3,22,3,Regular Season,1,1,0,387
0,2003-12-7,30,1,12,0,Regular Season,1,0,0,397
0,2003-12-7,10,5,29,3,Regular Season,1,0,0,398
0,2003-12-7,8,1,26,1,Regular Season,1,1,0,396
0,2003-12-7,19,2,15,0,Regular Season,1,0,0,395
0,2003-12-8,0,4,14,1,Regular Season,1,0,0,402
0,2003-12-8,9,1,11,0,Regular Season,1,0,0,401
0,2003-12-8,25,5,22,2,Regular Season,1,0,0,400
0,2003-12-8,5,3,28,1,Regular Season,1,0,0,399
0,2003-12-9,18,1,15,2,Regular Season,1,1,0,407
0,2003-12-9,3,1,16,4,Regular Season,1,0,0,406
0,2003-12-9,20,1,29,2,Regular Season,1,0,0,405
0,2003-12-9,35,0,19,3,Regular Season,1,0,0,404
0,2003-12-9,23,1,24,3,Regular Season,1,0,0,403
0,2003-12-10,21,3,20,1,Regular Season,1,0,0,413
0,2003-12-10,10,3,0,2,Regular Season,1,0,0,414
0,2003-12-10,26,1,12,2,Regular Season,1,1,0,415
0,2003-12-10,30,5,27,1,Regular Season,1,0,0,412
0,2003-12-10,17,3,9,2,Regular Season,1,0,0,409
0,2003-12-10,33,3,11,1,Regular Season,1,0,0,408
0,2003-12-10,31,4,5,1,Regular Season,1,0,0,411
0,2003-12-10,34,1,14,4,Regular Season,1,0,0,410
0,2003-12-11,35,0,3,1,Regular Season,1,0,0,418
0,2003-12-11,8,1,9,3,Regular Season,1,0,0,417
0,2003-12-11,19,1,24,1,Regular Season,1,1,0,416
0,2003-12-11,32,3,11,1,Regular Season,1,0,0,419
0,2003-12-11,28,4,29,1,Regular Season,1,0,0,420
0,2003-12-11,18,4,25,4,Regular Season,1,1,0,422
0,2003-12-11,22,2,5,3,Regular Season,1,0,0,423
0,2003-12-11,27,1,23,1,Regular Season,1,1,0,421
0,2003-12-12,31,2,0,0,Regular Season,1,0,0,428
0,2003-12-12,26,2,23,1,Regular Season,1,0,0,430
0,2003-12-12,12,1,8,4,Regular Season,1,0,0,427
0,2003-12-12,21,3,14,2,Regular Season,1,0,0,429
0,2003-12-12,33,2,15,1,Regular Season,1,0,0,424
0,2003-12-12,34,1,16,4,Regular Season,1,0,0,426
0,2003-12-12,17,1,10,6,Regular Season,1,0,0,425
0,2003-12-13,27,2,30,1,Regular Season,1,0,0,438
0,2003-12-13,16,1,11,2,Regular Season,1,0,0,439
0,2003-12-13,29,7,0,0,Regular Season,1,0,0,440
0,2003-12-13,3,3,10,4,Regular Season,1,0,0,441
0,2003-12-13,22,3,9,6,Regular Season,1,0,0,442
0,2003-12-13,15,3,34,1,Regular Season,1,0,0,437
0,2003-12-13,32,1,31,3,Regular Season,1,0,0,433
0,2003-12-13,14,5,21,3,Regular Season,1,0,0,436
0,2003-12-13,35,4,17,1,Regular Season,1,0,0,432
0,2003-12-13,19,3,25,0,Regular Season,1,0,0,431
0,2003-12-13,20,3,33,3,Regular Season,1,1,0,434
0,2003-12-13,28,0,5,1,Regular Season,1,0,0,435
0,2003-12-14,30,3,23,1,Regular Season,1,0,0,444
0,2003-12-14,8,4,12,1,Regular Season,1,0,0,443
0,2003-12-14,18,1,24,2,Regular Season,1,0,0,445
0,2003-12-15,26,1,35,3,Regular Season,1,0,0,447
0,2003-12-15,9,1,31,2,Regular Season,1,0,0,446
0,2003-12-16,15,2,17,3,Regular Season,1,1,0,454
0,2003-12-16,16,3,34,2,Regular Season,1,0,0,455
0,2003-12-16,3,8,29,3,Regular Season,1,0,0,456
0,2003-12-16,14,1,19,1,Regular Season,1,1,0,453
0,2003-12-16,20,3,21,7,Regular Season,1,0,0,452
0,2003-12-16,33,2,22,4,Regular Season,1,0,0,448
0,2003-12-16,11,4,23,2,Regular Season,1,0,0,449
0,2003-12-16,0,1,5,3,Regular Season,1,0,0,450
0,2003-12-16,32,3,18,1,Regular Season,1,0,0,451
0,2003-12-17,9,7,27,1,Regular Season,1,0,0,459
0,2003-12-17,31,1,22,3,Regular Season,1,0,0,460
0,2003-12-17,12,0,18,0,Regular Season,1,1,0,458
0,2003-12-17,25,1,35,1,Regular Season,1,1,0,457
0,2003-12-18,28,3,8,4,Regular Season,1,0,0,468
0,2003-12-18,14,3,29,2,Regular Season,1,0,0,469
0,2003-12-18,16,7,27,3,Regular Season,1,0,0,470
0,2003-12-18,0,0,32,1,Regular Season,1,0,0,466
0,2003-12-18,10,4,20,2,Regular Season,1,0,0,467
0,2003-12-18,11,1,26,4,Regular Season,1,0,0,465
0,2003-12-18,5,3,19,4,Regular Season,1,0,0,462
0,2003-12-18,33,3,21,2,Regular Season,1,0,0,461
0,2003-12-18,24,2,15,6,Regular Season,1,0,0,463
0,2003-12-18,23,2,35,1,Regular Season,1,1,0,464
0,2003-12-19,30,1,25,3,Regular Season,1,0,0,475
0,2003-12-19,22,2,3,3,Regular Season,1,0,0,476
0,2003-12-19,31,2,12,6,Regular Season,1,0,0,474
0,2003-12-19,9,5,8,1,Regular Season,1,0,0,473
0,2003-12-19,34,2,19,1,Regular Season,1,1,0,472
0,2003-12-19,17,2,21,6,Regular Season,1,0,0,471
0,2003-12-20,15,3,33,3,Regular Season,1,1,0,484
0,2003-12-20,16,1,26,2,Regular Season,1,0,0,485
0,2003-12-20,29,2,12,1,Regular Season,1,0,0,486
0,2003-12-20,3,6,0,3,Regular Season,1,0,0,487
0,2003-12-20,14,2,20,2,Regular Season,1,1,0,483
0,2003-12-20,28,3,10,0,Regular Season,1,0,0,482
0,2003-12-20,5,4,24,0,Regular Season,1,0,0,477
0,2003-12-20,11,1,25,3,Regular Season,1,0,0,479
0,2003-12-20,23,3,18,2,Regular Season,1,0,0,478
0,2003-12-20,35,3,34,3,Regular Season,1,1,0,480
0,2003-12-20,32,3,9,1,Regular Season,1,0,0,481
0,2003-12-21,22,3,20,3,Regular Season,1,1,0,491
0,2003-12-21,30,0,27,2,Regular Season,1,0,0,490
0,2003-12-21,8,1,21,4,Regular Season,1,0,0,489
0,2003-12-21,33,2,14,2,Regular Season,1,1,0,488
0,2003-12-22,10,1,5,1,Regular Season,1,1,0,496
0,2003-12-22,27,1,30,3,Regular Season,1,0,0,498
0,2003-12-22,18,1,11,2,Regular Season,1,0,0,499
0,2003-12-22,28,2,31,1,Regular Season,1,0,0,497
0,2003-12-22,24,1,12,3,Regular Season,1,0,0,492
0,2003-12-22,9,1,16,2,Regular Season,1,0,0,493
0,2003-12-22,32,1,26,4,Regular Season,1,0,0,495
0,2003-12-22,0,1,15,3,Regular Season,1,0,0,494
0,2003-12-23,20,3,14,2,Regular Season,1,0,0,506
0,2003-12-23,3,3,31,1,Regular Season,1,0,0,507
0,2003-12-23,22,2,0,1,Regular Season,1,0,0,508
0,2003-12-23,35,2,32,3,Regular Season,1,0,0,505
0,2003-12-23,5,2,29,1,Regular Season,1,0,0,500
0,2003-12-23,17,4,28,4,Regular Season,1,1,0,501
0,2003-12-23,8,4,16,3,Regular Season,1,1,0,504
0,2003-12-23,34,3,26,2,Regular Season,1,0,0,502
0,2003-12-23,19,2,23,2,Regular Season,1,1,0,503
0,2003-12-26,21,4,20,3,Regular Season,1,1,0,515
0,2003-12-26,9,1,35,2,Regular Season,1,1,0,514
0,2003-12-26,28,2,15,0,Regular Season,1,0,0,517
0,2003-12-26,16,3,25,1,Regular Season,1,0,0,519
0,2003-12-26,27,2,11,3,Regular Season,1,0,0,518
0,2003-12-26,10,2,3,4,Regular Season,1,0,0,516
0,2003-12-26,33,2,29,2,Regular Season,1,1,0,509
0,2003-12-26,17,1,24,2,Regular Season,1,0,0,510
0,2003-12-26,12,2,32,1,Regular Season,1,0,0,513
0,2003-12-26,19,3,18,1,Regular Season,1,0,0,511
0,2003-12-26,8,4,34,3,Regular Season,1,0,0,512
0,2003-12-27,31,2,30,4,Regular Season,1,0,0,523
0,2003-12-27,25,0,14,4,Regular Season,1,0,0,522
0,2003-12-27,34,1,12,2,Regular Season,1,0,0,521
0,2003-12-27,24,2,0,2,Regular Season,1,1,0,520
0,2003-12-27,11,0,27,2,Regular Season,1,0,0,524
0,2003-12-27,20,3,3,3,Regular Season,1,1,0,525
0,2003-12-27,18,2,23,4,Regular Season,1,0,0,529
0,2003-12-27,15,2,21,4,Regular Season,1,0,0,527
0,2003-12-27,29,2,5,4,Regular Season,1,0,0,528
0,2003-12-27,26,1,32,0,Regular Season,1,0,0,526
0,2003-12-27,22,3,17,0,Regular Season,1,0,0,530
0,2003-12-28,28,3,33,1,Regular Season,1,0,0,533
0,2003-12-28,23,2,19,2,Regular Season,1,1,0,532
0,2003-12-28,8,3,9,1,Regular Season,1,0,0,531
0,2003-12-29,26,5,10,1,Regular Season,1,0,0,542
0,2003-12-29,20,3,21,4,Regular Season,1,0,0,541
0,2003-12-29,22,4,5,2,Regular Season,1,0,0,546
0,2003-12-29,29,1,30,2,Regular Season,1,0,0,545
0,2003-12-29,12,3,14,2,Regular Season,1,0,0,539
0,2003-12-29,27,5,32,1,Regular Season,1,0,0,544
0,2003-12-29,31,5,3,2,Regular Season,1,0,0,540
0,2003-12-29,15,6,8,2,Regular Season,1,0,0,543
0,2003-12-29,33,3,0,3,Regular Season,1,1,0,534
0,2003-12-29,24,3,17,4,Regular Season,1,0,0,535
0,2003-12-29,25,3,18,2,Regular Season,1,0,0,538
0,2003-12-29,19,2,35,0,Regular Season,1,0,0,537
0,2003-12-29,34,2,16,1,Regular Season,1,0,0,536
0,2003-12-30,16,3,14,2,Regular Season,1,0,0,550
0,2003-12-30,11,1,10,3,Regular Season,1,0,0,549
0,2003-12-30,5,1,28,0,Regular Season,1,0,0,547
0,2003-12-30,23,1,35,1,Regular Season,1,1,0,548
0,2003-12-31,9,2,33,1,Regular Season,1,0,0,557
0,2003-12-31,12,1,0,4,Regular Season,1,0,0,556
0,2003-12-31,26,2,11,4,Regular Season,1,0,0,558
0,2003-12-31,29,1,31,3,Regular Season,1,0,0,560
0,2003-12-31,15,2,20,0,Regular Season,1,0,0,559
0,2003-12-31,24,3,30,1,Regular Season,1,0,0,552
0,2003-12-31,8,1,18,3,Regular Season,1,0,0,555
0,2003-12-31,17,2,22,0,Regular Season,1,0,0,551
0,2003-12-31,34,1,27,0,Regular Season,1,0,0,553
0,2003-12-31,19,1,25,3,Regular Season,1,0,0,554
0,2004-1-1,28,1,20,4,Regular Season,1,0,0,563
0,2004-1-1,16,2,10,1,Regular Season,1,0,0,564
0,2004-1-1,22,1,21,5,Regular Season,1,0,0,565
0,2004-1-1,32,2,15,1,Regular Season,1,1,0,562
0,2004-1-1,5,1,3,0,Regular Season,1,0,0,561
0,2004-1-2,31,2,14,1,Regular Season,1,0,0,570
0,2004-1-2,29,2,34,0,Regular Season,1,0,0,572
0,2004-1-2,18,1,25,4,Regular Season,1,0,0,573
0,2004-1-2,12,2,26,1,Regular Season,1,1,0,569
0,2004-1-2,35,3,23,2,Regular Season,1,0,0,571
0,2004-1-2,17,2,30,2,Regular Season,1,1,0,566
0,2004-1-2,8,4,27,4,Regular Season,1,1,0,568
0,2004-1-2,24,0,9,6,Regular Season,1,0,0,567
0,2004-1-3,28,3,22,2,Regular Season,1,0,0,581
0,2004-1-3,15,1,10,6,Regular Season,1,0,0,582
0,2004-1-3,16,6,27,1,Regular Season,1,0,0,583
0,2004-1-3,29,3,14,6,Regular Season,1,0,0,584
0,2004-1-3,3,1,17,3,Regular Season,1,0,0,585
0,2004-1-3,32,1,21,0,Regular Season,1,0,0,580
0,2004-1-3,5,1,20,4,Regular Season,1,0,0,574
0,2004-1-3,19,3,18,1,Regular Season,1,0,0,575
0,2004-1-3,9,1,30,1,Regular Season,1,1,0,576
0,2004-1-3,0,3,33,2,Regular Season,1,0,0,579
0,2004-1-3,31,1,34,4,Regular Season,1,0,0,577
0,2004-1-3,11,2,12,1,Regular Season,1,0,0,578
0,2004-1-4,0,0,22,3,Regular Season,1,0,0,589
0,2004-1-4,8,2,23,1,Regular Season,1,1,0,587
0,2004-1-4,25,1,35,2,Regular Season,1,0,0,588
0,2004-1-4,24,2,26,1,Regular Season,1,0,0,586
0,2004-1-5,10,1,19,4,Regular Season,1,0,0,593
0,2004-1-5,16,5,35,2,Regular Season,1,0,0,595
0,2004-1-5,18,3,27,1,Regular Season,1,0,0,596
0,2004-1-5,15,4,3,3,Regular Season,1,0,0,594
0,2004-1-5,9,5,32,1,Regular Season,1,0,0,590
0,2004-1-5,21,3,23,2,Regular Season,1,0,0,592
0,2004-1-5,30,1,12,4,Regular Season,1,0,0,591
0,2004-1-6,0,3,17,2,Regular Season,1,0,0,599
0,2004-1-6,28,4,29,1,Regular Season,1,0,0,601
0,2004-1-6,3,2,32,3,Regular Season,1,0,0,602
0,2004-1-6,20,5,19,2,Regular Season,1,0,0,600
0,2004-1-6,25,4,34,1,Regular Season,1,0,0,598
0,2004-1-6,24,1,16,2,Regular Season,1,1,0,597
0,2004-1-7,22,0,26,3,Regular Season,1,0,0,608
0,2004-1-7,30,2,11,1,Regular Season,1,0,0,605
0,2004-1-7,21,2,15,3,Regular Season,1,0,0,607
0,2004-1-7,35,4,8,3,Regular Season,1,0,0,606
0,2004-1-7,17,6,14,1,Regular Season,1,0,0,603
0,2004-1-7,9,1,5,5,Regular Season,1,0,0,604
0,2004-1-8,24,0,10,4,Regular Season,1,0,0,610
0,2004-1-8,32,1,25,2,Regular Season,1,0,0,615
0,2004-1-8,11,2,18,3,Regular Season,1,0,0,613
0,2004-1-8,12,1,33,3,Regular Season,1,0,0,612
0,2004-1-8,20,3,23,4,Regular Season,1,0,0,616
0,2004-1-8,14,4,31,1,Regular Season,1,0,0,617
0,2004-1-8,0,1,29,4,Regular Season,1,0,0,614
0,2004-1-8,8,3,19,2,Regular Season,1,0,0,611
0,2004-1-8,5,5,15,1,Regular Season,1,0,0,609
0,2004-1-8,27,2,34,1,Regular Season,1,0,0,618
0,2004-1-8,3,1,28,0,Regular Season,1,1,0,619
0,2004-1-9,21,1,29,0,Regular Season,1,0,0,623
0,2004-1-9,22,3,24,2,Regular Season,1,0,0,624
0,2004-1-9,35,6,26,1,Regular Season,1,0,0,622
0,2004-1-9,17,3,28,3,Regular Season,1,1,0,620
0,2004-1-9,30,2,18,1,Regular Season,1,0,0,621
0,2004-1-10,14,3,23,0,Regular Season,1,0,0,631
0,2004-1-10,32,4,16,2,Regular Season,1,0,0,629
0,2004-1-10,3,2,21,3,Regular Season,1,0,0,634
0,2004-1-10,15,0,0,2,Regular Season,1,0,0,632
0,2004-1-10,27,0,33,0,Regular Season,1,1,0,633
0,2004-1-10,20,5,10,2,Regular Season,1,0,0,630
0,2004-1-10,19,2,31,1,Regular Season,1,0,0,626
0,2004-1-10,12,3,25,0,Regular Season,1,0,0,627
0,2004-1-10,5,1,9,2,Regular Season,1,0,0,625
0,2004-1-10,11,2,34,3,Regular Season,1,0,0,628
0,2004-1-11,10,3,29,2,Regular Season,1,1,0,638
0,2004-1-11,26,7,33,4,Regular Season,1,0,0,639
0,2004-1-11,18,2,31,1,Regular Season,1,0,0,640
0,2004-1-11,22,2,23,3,Regular Season,1,0,0,641
0,2004-1-11,24,2,28,0,Regular Season,1,0,0,635
0,2004-1-11,30,1,34,4,Regular Season,1,0,0,637
0,2004-1-11,8,4,25,0,Regular Season,1,0,0,636
0,2004-1-12,16,5,8,1,Regular Season,1,0,0,645
0,2004-1-12,14,3,15,0,Regular Season,1,0,0,644
0,2004-1-12,35,4,32,0,Regular Season,1,0,0,643
0,2004-1-12,5,2,17,2,Regular Season,1,1,0,642
0,2004-1-13,26,0,18,3,Regular Season,1,0,0,653
0,2004-1-13,15,2,29,4,Regular Season,1,0,0,654
0,2004-1-13,3,0,19,1,Regular Season,1,0,0,656
0,2004-1-13,10,2,20,1,Regular Season,1,0,0,652
0,2004-1-13,27,1,12,3,Regular Season,1,0,0,655
0,2004-1-13,0,2,16,5,Regular Season,1,0,0,649
0,2004-1-13,17,2,14,4,Regular Season,1,0,0,646
0,2004-1-13,25,1,30,0,Regular Season,1,0,0,647
0,2004-1-13,32,1,11,2,Regular Season,1,1,0,651
0,2004-1-13,23,2,31,4,Regular Season,1,0,0,648
0,2004-1-13,21,3,28,1,Regular Season,1,0,0,650
0,2004-1-14,22,3,19,1,Regular Season,1,0,0,660
0,2004-1-14,35,3,11,2,Regular Season,1,1,0,659
0,2004-1-14,9,3,8,2,Regular Season,1,0,0,658
0,2004-1-14,33,2,0,2,Regular Season,1,1,0,657
0,2004-1-15,10,1,21,2,Regular Season,1,0,0,665
0,2004-1-15,28,1,20,3,Regular Season,1,0,0,666
0,2004-1-15,32,1,26,2,Regular Season,1,0,0,664
0,2004-1-15,17,2,5,1,Regular Season,1,0,0,661
0,2004-1-15,25,4,12,2,Regular Season,1,0,0,662
0,2004-1-15,27,4,18,0,Regular Season,1,0,0,667
0,2004-1-15,23,2,30,1,Regular Season,1,0,0,663
0,2004-1-15,16,4,34,1,Regular Season,1,0,0,668
0,2004-1-15,29,5,24,1,Regular Season,1,0,0,669
0,2004-1-16,35,6,15,0,Regular Season,1,0,0,673
0,2004-1-16,9,5,26,0,Regular Season,1,0,0,672
0,2004-1-16,14,5,3,3,Regular Season,1,0,0,674
0,2004-1-16,34,1,11,2,Regular Season,1,1,0,671
0,2004-1-16,33,0,24,3,Regular Season,1,0,0,670
0,2004-1-17,28,4,5,2,Regular Season,1,0,0,682
0,2004-1-17,20,3,17,3,Regular Season,1,1,0,681
0,2004-1-17,16,4,35,1,Regular Season,1,0,0,683
0,2004-1-17,18,2,30,3,Regular Season,1,1,0,685
0,2004-1-17,3,3,14,0,Regular Season,1,0,0,684
0,2004-1-17,0,5,10,2,Regular Season,1,0,0,678
0,2004-1-17,19,5,12,5,Regular Season,1,1,0,675
0,2004-1-17,32,1,23,2,Regular Season,1,0,0,680
0,2004-1-17,25,4,27,1,Regular Season,1,0,0,676
0,2004-1-17,31,2,29,2,Regular Season,1,1,0,677
0,2004-1-17,21,3,22,0,Regular Season,1,0,0,679
0,2004-1-18,22,2,15,1,Regular Season,1,1,0,689
0,2004-1-18,8,3,11,1,Regular Season,1,0,0,688
0,2004-1-18,34,3,23,2,Regular Season,1,0,0,687
0,2004-1-18,24,1,33,1,Regular Season,1,1,0,686
0,2004-1-19,20,0,28,0,Regular Season,1,1,0,694
0,2004-1-19,27,0,9,1,Regular Season,1,0,0,695
0,2004-1-19,29,4,25,1,Regular Season,1,0,0,696
0,2004-1-19,18,1,12,1,Regular Season,1,1,0,697
0,2004-1-19,5,1,10,4,Regular Season,1,0,0,690
0,2004-1-19,32,1,35,1,Regular Season,1,1,0,693
0,2004-1-19,31,0,16,4,Regular Season,1,0,0,691
0,2004-1-19,30,2,19,3,Regular Season,1,0,0,692
0,2004-1-20,10,4,5,0,Regular Season,1,0,0,702
0,2004-1-20,14,3,0,5,Regular Season,1,0,0,703
0,2004-1-20,15,2,21,4,Regular Season,1,0,0,704
0,2004-1-20,11,6,19,3,Regular Season,1,0,0,701
0,2004-1-20,3,3,20,4,Regular Season,1,0,0,705
0,2004-1-20,33,0,17,1,Regular Season,1,0,0,698
0,2004-1-20,23,1,12,3,Regular Season,1,0,0,700
0,2004-1-20,24,2,28,2,Regular Season,1,1,0,699
0,2004-1-21,34,1,16,2,Regular Season,1,0,0,706
0,2004-1-21,22,2,3,2,Regular Season,1,1,0,713
0,2004-1-21,26,2,27,1,Regular Season,1,1,0,711
0,2004-1-21,21,3,24,2,Regular Season,1,0,0,710
0,2004-1-21,18,1,29,7,Regular Season,1,0,0,712
0,2004-1-21,31,1,25,7,Regular Season,1,0,0,707
0,2004-1-21,35,5,8,1,Regular Season,1,0,0,709
0,2004-1-21,30,2,9,3,Regular Season,1,0,0,708
0,2004-1-22,11,4,9,8,Regular Season,1,0,0,719
0,2004-1-22,28,8,15,5,Regular Season,1,0,0,721
0,2004-1-22,27,1,26,4,Regular Season,1,0,0,722
0,2004-1-22,23,3,29,3,Regular Season,1,1,0,718
0,2004-1-22,10,2,14,4,Regular Season,1,0,0,720
0,2004-1-22,33,0,25,3,Regular Season,1,0,0,714
0,2004-1-22,5,0,17,1,Regular Season,1,0,0,715
0,2004-1-22,8,4,34,1,Regular Season,1,0,0,717
0,2004-1-22,19,4,32,2,Regular Season,1,0,0,716
0,2004-1-23,21,1,0,2,Regular Season,1,0,0,727
0,2004-1-23,31,4,22,4,Regular Season,1,1,0,725
0,2004-1-23,30,0,35,1,Regular Season,1,0,0,726
0,2004-1-23,12,4,16,2,Regular Season,1,0,0,724
0,2004-1-23,24,3,20,2,Regular Season,1,1,0,723
0,2004-1-24,14,1,17,6,Regular Season,1,0,0,736
0,2004-1-24,26,4,9,0,Regular Season,1,0,0,737
0,2004-1-24,16,5,12,3,Regular Season,1,0,0,740
0,2004-1-24,27,2,35,0,Regular Season,1,0,0,739
0,2004-1-24,28,3,10,5,Regular Season,1,0,0,735
0,2004-1-24,15,4,25,2,Regular Season,1,0,0,738
0,2004-1-24,23,4,32,3,Regular Season,1,0,0,732
0,2004-1-24,33,0,20,5,Regular Season,1,0,0,728
0,2004-1-24,5,0,31,1,Regular Season,1,0,0,729
0,2004-1-24,34,4,8,1,Regular Season,1,0,0,730
0,2004-1-24,0,3,3,4,Regular Season,1,0,0,734
0,2004-1-24,19,0,29,0,Regular Season,1,1,0,731
0,2004-1-24,11,3,30,1,Regular Season,1,0,0,733
0,2004-1-25,22,1,14,4,Regular Season,1,0,0,744
0,2004-1-25,18,1,32,3,Regular Season,1,0,0,743
0,2004-1-25,21,5,33,0,Regular Season,1,0,0,742
0,2004-1-25,24,1,17,3,Regular Season,1,0,0,741
0,2004-1-26,10,3,31,4,Regular Season,1,0,0,747
0,2004-1-26,12,2,9,3,Regular Season,1,0,0,745
0,2004-1-26,11,3,35,4,Regular Season,1,0,0,746
0,2004-1-27,15,5,29,1,Regular Season,1,0,0,753
0,2004-1-27,3,5,24,2,Regular Season,1,0,0,754
0,2004-1-27,18,1,8,4,Regular Season,1,0,0,755
0,2004-1-27,26,4,19,1,Regular Season,1,0,0,752
0,2004-1-27,17,2,0,0,Regular Season,1,0,0,748
0,2004-1-27,34,2,21,1,Regular Season,1,0,0,749
0,2004-1-27,20,1,5,5,Regular Season,1,0,0,751
0,2004-1-27,25,2,23,1,Regular Season,1,0,0,750
0,2004-1-28,27,1,19,6,Regular Season,1,0,0,761
0,2004-1-28,10,3,22,2,Regular Season,1,0,0,760
0,2004-1-28,30,3,11,1,Regular Season,1,0,0,759
0,2004-1-28,12,2,28,6,Regular Season,1,0,0,757
0,2004-1-28,33,1,16,3,Regular Season,1,0,0,756
0,2004-1-28,31,4,14,2,Regular Season,1,0,0,758
0,2004-1-29,35,4,0,2,Regular Season,1,0,0,768
0,2004-1-29,16,4,18,1,Regular Season,1,0,0,770
0,2004-1-29,11,0,25,4,Regular Season,1,0,0,767
0,2004-1-29,26,1,28,5,Regular Season,1,0,0,769
0,2004-1-29,29,3,15,4,Regular Season,1,0,0,771
0,2004-1-29,5,2,20,2,Regular Season,1,1,0,762
0,2004-1-29,24,3,22,1,Regular Season,1,0,0,763
0,2004-1-29,23,3,8,4,Regular Season,1,0,0,766
0,2004-1-29,34,3,32,8,Regular Season,1,0,0,764
0,2004-1-29,9,1,21,4,Regular Season,1,0,0,765
0,2004-1-30,10,1,17,3,Regular Season,1,0,0,776
0,2004-1-30,12,3,27,2,Regular Season,1,0,0,774
0,2004-1-30,30,2,25,1,Regular Season,1,0,0,775
0,2004-1-30,19,5,8,1,Regular Season,1,0,0,773
0,2004-1-30,33,3,3,1,Regular Season,1,0,0,772
0,2004-1-31,26,2,12,1,Regular Season,1,0,0,784
0,2004-1-31,16,0,21,6,Regular Season,1,0,0,786
0,2004-1-31,22,0,18,1,Regular Season,1,0,0,789
0,2004-1-31,3,4,28,2,Regular Season,1,0,0,788
0,2004-1-31,20,4,31,5,Regular Season,1,1,0,783
0,2004-1-31,29,1,33,3,Regular Season,1,0,0,787
0,2004-1-31,15,4,14,0,Regular Season,1,0,0,785
0,2004-1-31,17,1,10,1,Regular Season,1,1,0,777
0,2004-1-31,34,5,35,1,Regular Season,1,0,0,778
0,2004-1-31,9,3,24,0,Regular Season,1,0,0,779
0,2004-1-31,32,3,27,2,Regular Season,1,0,0,782
0,2004-1-31,23,1,11,1,Regular Season,1,1,0,780
0,2004-1-31,0,4,5,2,Regular Season,1,0,0,781
0,2004-2-1,0,2,8,0,Regular Season,1,0,0,792
0,2004-2-1,19,3,30,0,Regular Season,1,0,0,791
0,2004-2-1,5,5,15,2,Regular Season,1,0,0,790
0,2004-2-2,26,2,34,0,Regular Season,1,0,0,797
0,2004-2-2,14,0,29,2,Regular Season,1,0,0,796
0,2004-2-2,10,2,18,2,Regular Season,1,1,0,795
0,2004-2-2,35,5,16,3,Regular Season,1,0,0,794
0,2004-2-2,23,0,30,0,Regular Season,1,1,0,793
0,2004-2-3,15,3,0,1,Regular Season,1,0,0,804
0,2004-2-3,27,2,31,4,Regular Season,1,0,0,805
0,2004-2-3,3,2,8,0,Regular Season,1,0,0,806
0,2004-2-3,22,2,29,2,Regular Season,1,1,0,807
0,2004-2-3,20,4,18,2,Regular Season,1,0,0,803
0,2004-2-3,19,3,11,3,Regular Season,1,1,0,799
0,2004-2-3,32,0,9,2,Regular Season,1,0,0,802
0,2004-2-3,5,2,33,1,Regular Season,1,0,0,798
0,2004-2-3,25,1,24,3,Regular Season,1,0,0,800
0,2004-2-3,21,3,28,5,Regular Season,1,0,0,801
0,2004-2-4,23,3,16,7,Regular Season,1,0,0,809
0,2004-2-4,12,5,34,1,Regular Season,1,0,0,808
0,2004-2-4,30,1,24,2,Regular Season,1,0,0,810
0,2004-2-4,10,1,35,3,Regular Season,1,0,0,811
0,2004-2-4,14,7,22,3,Regular Season,1,0,0,812
0,2004-2-4,26,2,31,4,Regular Season,1,0,0,813
0,2004-2-5,32,4,29,1,Regular Season,1,0,0,820
0,2004-2-5,28,2,3,1,Regular Season,1,0,0,821
0,2004-2-5,27,0,26,4,Regular Season,1,0,0,822
0,2004-2-5,0,3,20,0,Regular Season,1,0,0,818
0,2004-2-5,21,4,18,3,Regular Season,1,0,0,819
0,2004-2-5,33,2,14,5,Regular Season,1,0,0,814
0,2004-2-5,17,1,5,4,Regular Season,1,0,0,815
0,2004-2-5,19,4,16,1,Regular Season,1,0,0,816
0,2004-2-5,25,2,9,4,Regular Season,1,0,0,817
0,2004-2-10,14,3,21,2,Regular Season,1,0,0,829
0,2004-2-10,29,1,3,2,Regular Season,1,0,0,831
0,2004-2-10,28,2,16,3,Regular Season,1,0,0,828
0,2004-2-10,15,2,5,6,Regular Season,1,0,0,830
0,2004-2-10,17,2,27,0,Regular Season,1,0,0,823
0,2004-2-10,19,2,33,0,Regular Season,1,0,0,824
0,2004-2-10,35,2,11,2,Regular Season,1,1,0,827
0,2004-2-10,25,2,20,1,Regular Season,1,1,0,825
0,2004-2-10,31,2,0,2,Regular Season,1,1,0,826
0,2004-2-11,23,3,33,0,Regular Season,1,0,0,836
0,2004-2-11,30,3,26,2,Regular Season,1,1,0,837
0,2004-2-11,21,5,10,3,Regular Season,1,0,0,838
0,2004-2-11,18,2,19,3,Regular Season,1,0,0,839
0,2004-2-11,34,0,11,3,Regular Season,1,0,0,832
0,2004-2-11,9,1,27,4,Regular Season,1,0,0,835
0,2004-2-11,8,4,32,6,Regular Season,1,0,0,833
0,2004-2-11,12,2,20,4,Regular Season,1,0,0,834
0,2004-2-12,28,4,5,1,Regular Season,1,0,0,843
0,2004-2-12,29,3,0,4,Regular Season,1,1,0,845
0,2004-2-12,3,2,34,0,Regular Season,1,0,0,846
0,2004-2-12,16,4,25,1,Regular Season,1,0,0,844
0,2004-2-12,31,1,15,4,Regular Season,1,0,0,841
0,2004-2-12,24,2,22,3,Regular Season,1,1,0,840
0,2004-2-12,10,1,14,2,Regular Season,1,1,0,842
0,2004-2-13,26,1,20,2,Regular Season,1,0,0,851
0,2004-2-13,32,2,22,4,Regular Season,1,0,0,850
0,2004-2-13,18,5,33,1,Regular Season,1,0,0,852
0,2004-2-13,17,5,11,3,Regular Season,1,0,0,847
0,2004-2-13,35,4,23,1,Regular Season,1,0,0,849
0,2004-2-13,19,0,30,5,Regular Season,1,0,0,848
0,2004-2-14,16,3,15,1,Regular Season,1,0,0,860
0,2004-2-14,14,1,10,0,Regular Season,1,0,0,858
0,2004-2-14,29,2,31,3,Regular Season,1,1,0,861
0,2004-2-14,18,4,30,1,Regular Season,1,0,0,863
0,2004-2-14,3,4,17,2,Regular Season,1,0,0,862
0,2004-2-14,26,0,12,3,Regular Season,1,0,0,859
0,2004-2-14,34,4,27,1,Regular Season,1,0,0,853
0,2004-2-14,9,1,25,3,Regular Season,1,0,0,855
0,2004-2-14,8,1,5,2,Regular Season,1,0,0,854
0,2004-2-14,21,3,24,1,Regular Season,1,0,0,856
0,2004-2-14,28,4,0,2,Regular Season,1,0,0,857
0,2004-2-15,32,3,23,1,Regular Season,1,0,0,867
0,2004-2-15,21,0,11,3,Regular Season,1,0,0,866
0,2004-2-15,8,7,22,0,Regular Season,1,0,0,864
0,2004-2-15,35,3,19,3,Regular Season,1,1,0,865
0,2004-2-16,10,0,28,2,Regular Season,1,0,0,875
0,2004-2-16,30,0,12,1,Regular Season,1,0,0,873
0,2004-2-16,14,3,27,2,Regular Season,1,0,0,876
0,2004-2-16,16,3,26,0,Regular Season,1,0,0,878
0,2004-2-16,15,3,3,3,Regular Season,1,1,0,877
0,2004-2-16,20,4,11,1,Regular Season,1,0,0,874
0,2004-2-16,17,1,33,1,Regular Season,1,1,0,868
0,2004-2-16,34,0,32,0,Regular Season,1,1,0,870
0,2004-2-16,24,2,31,0,Regular Season,1,0,0,869
0,2004-2-16,25,3,18,3,Regular Season,1,1,0,871
0,2004-2-16,9,1,23,0,Regular Season,1,0,0,872
0,2004-2-17,22,1,28,3,Regular Season,1,0,0,883
0,2004-2-17,3,1,5,3,Regular Season,1,0,0,882
0,2004-2-17,29,3,14,2,Regular Season,1,0,0,881
0,2004-2-17,21,2,35,1,Regular Season,1,0,0,880
0,2004-2-17,0,6,33,0,Regular Season,1,0,0,879
0,2004-2-18,32,5,27,0,Regular Season,1,0,0,889
0,2004-2-18,20,7,15,1,Regular Season,1,0,0,890
0,2004-2-18,11,1,12,2,Regular Season,1,0,0,887
0,2004-2-18,30,1,34,4,Regular Season,1,0,0,888
0,2004-2-18,25,1,23,1,Regular Season,1,1,0,885
0,2004-2-18,17,2,31,0,Regular Season,1,0,0,884
0,2004-2-18,9,9,26,4,Regular Season,1,0,0,886
0,2004-2-19,14,2,5,0,Regular Season,1,0,0,897
0,2004-2-19,22,0,21,5,Regular Season,1,0,0,899
0,2004-2-19,28,3,33,2,Regular Season,1,0,0,896
0,2004-2-19,16,4,29,2,Regular Season,1,0,0,898
0,2004-2-19,24,0,3,2,Regular Season,1,0,0,891
0,2004-2-19,8,5,27,3,Regular Season,1,0,0,892
0,2004-2-19,10,0,20,4,Regular Season,1,0,0,895
0,2004-2-19,35,3,18,0,Regular Season,1,0,0,893
0,2004-2-19,0,2,19,2,Regular Season,1,1,0,894
0,2004-2-20,15,0,31,6,Regular Season,1,0,0,905
0,2004-2-20,30,6,32,4,Regular Season,1,0,0,903
0,2004-2-20,26,4,34,2,Regular Season,1,0,0,904
0,2004-2-20,17,3,29,6,Regular Season,1,0,0,900
0,2004-2-20,9,1,16,0,Regular Season,1,0,0,902
0,2004-2-20,12,1,25,1,Regular Season,1,1,0,901
0,2004-2-21,14,5,33,1,Regular Season,1,0,0,912
0,2004-2-21,26,2,32,2,Regular Season,1,1,0,913
0,2004-2-21,3,4,0,0,Regular Season,1,0,0,914
0,2004-2-21,28,4,19,2,Regular Season,1,0,0,911
0,2004-2-21,23,2,18,3,Regular Season,1,0,0,907
0,2004-2-21,24,0,5,3,Regular Season,1,0,0,906
0,2004-2-21,10,0,21,3,Regular Season,1,0,0,910
0,2004-2-21,22,2,31,3,Regular Season,1,0,0,915
0,2004-2-21,20,5,17,4,Regular Season,1,0,0,909
0,2004-2-21,11,5,34,3,Regular Season,1,0,0,908
0,2004-2-22,8,0,16,2,Regular Season,1,0,0,916
0,2004-2-22,15,4,28,2,Regular Season,1,0,0,920
0,2004-2-22,21,4,19,2,Regular Season,1,0,0,919
0,2004-2-22,35,3,25,3,Regular Season,1,1,0,918
0,2004-2-22,12,2,30,1,Regular Season,1,0,0,917
0,2004-2-23,27,1,34,2,Regular Season,1,0,0,926
0,2004-2-23,22,5,29,0,Regular Season,1,0,0,928
0,2004-2-23,26,2,30,2,Regular Season,1,1,0,925
0,2004-2-23,3,0,24,0,Regular Season,1,1,0,927
0,2004-2-23,10,3,0,1,Regular Season,1,0,0,924
0,2004-2-23,23,2,9,0,Regular Season,1,0,0,922
0,2004-2-23,5,3,31,4,Regular Season,1,0,0,921
0,2004-2-23,11,6,32,0,Regular Season,1,0,0,923
0,2004-2-24,18,2,9,6,Regular Season,1,0,0,933
0,2004-2-24,14,2,8,1,Regular Season,1,0,0,932
0,2004-2-24,20,3,5,4,Regular Season,1,1,0,931
0,2004-2-24,0,3,28,6,Regular Season,1,0,0,930
0,2004-2-24,25,3,19,0,Regular Season,1,0,0,929
0,2004-2-25,26,4,15,5,Regular Season,1,0,0,940
0,2004-2-25,22,5,24,3,Regular Season,1,0,0,941
0,2004-2-25,30,4,23,2,Regular Season,1,0,0,938
0,2004-2-25,21,4,17,3,Regular Season,1,0,0,939
0,2004-2-25,33,3,29,2,Regular Season,1,0,0,934
0,2004-2-25,34,2,8,1,Regular Season,1,0,0,935
0,2004-2-25,31,1,3,1,Regular Season,1,1,0,937
0,2004-2-25,12,2,11,0,Regular Season,1,0,0,936
0,2004-2-26,28,3,14,0,Regular Season,1,0,0,947
0,2004-2-26,29,4,3,2,Regular Season,1,0,0,948
0,2004-2-26,18,1,27,6,Regular Season,1,0,0,949
0,2004-2-26,20,1,10,2,Regular Season,1,0,0,946
0,2004-2-26,19,1,9,4,Regular Season,1,0,0,943
0,2004-2-26,5,4,0,1,Regular Season,1,0,0,942
0,2004-2-26,32,3,35,3,Regular Season,1,1,0,945
0,2004-2-26,25,4,16,1,Regular Season,1,0,0,944
0,2004-2-27,31,5,22,2,Regular Season,1,0,0,953
0,2004-2-27,21,5,33,2,Regular Season,1,0,0,954
0,2004-2-27,27,5,15,0,Regular Season,1,0,0,956
0,2004-2-27,26,2,23,3,Regular Season,1,0,0,955
0,2004-2-27,17,5,20,3,Regular Season,1,0,0,950
0,2004-2-27,12,4,35,3,Regular Season,1,0,0,952
0,2004-2-27,8,5,34,6,Regular Season,1,1,0,951
0,2004-2-28,29,4,22,3,Regular Season,1,0,0,963
0,2004-2-28,3,0,21,5,Regular Season,1,0,0,964
0,2004-2-28,18,4,16,3,Regular Season,1,0,0,965
0,2004-2-28,28,1,17,1,Regular Season,1,1,0,962
0,2004-2-28,11,4,30,1,Regular Season,1,0,0,959
0,2004-2-28,5,1,14,7,Regular Season,1,0,0,957
0,2004-2-28,34,2,25,1,Regular Season,1,0,0,958
0,2004-2-28,32,3,10,2,Regular Season,1,0,0,961
0,2004-2-28,0,2,24,2,Regular Season,1,1,0,960
0,2004-2-29,35,4,24,2,Regular Season,1,0,0,972
0,2004-2-29,20,1,15,2,Regular Season,1,0,0,973
0,2004-2-29,27,0,16,4,Regular Season,1,0,0,974
0,2004-2-29,30,1,11,5,Regular Season,1,0,0,971
0,2004-2-29,12,2,23,1,Regular Season,1,0,0,969
0,2004-2-29,33,2,10,0,Regular Season,1,0,0,966
0,2004-2-29,19,2,26,0,Regular Season,1,0,0,967
0,2004-2-29,8,4,31,1,Regular Season,1,0,0,968
0,2004-2-29,9,4,14,1,Regular Season,1,0,0,970
0,2004-3-1,32,4,8,3,Regular Season,1,1,0,977
0,2004-3-1,0,0,21,1,Regular Season,1,0,0,976
0,2004-3-1,25,5,29,0,Regular Season,1,0,0,975
0,2004-3-2,15,2,20,4,Regular Season,1,0,0,981
0,2004-3-2,16,1,19,4,Regular Season,1,0,0,982
0,2004-3-2,22,2,31,1,Regular Season,1,0,0,984
0,2004-3-2,3,4,5,3,Regular Season,1,0,0,983
0,2004-3-2,24,0,34,1,Regular Season,1,0,0,978
0,2004-3-2,10,4,33,0,Regular Season,1,0,0,980
0,2004-3-2,23,2,26,0,Regular Season,1,0,0,979
0,2004-3-3,30,1,35,2,Regular Season,1,0,0,991
0,2004-3-3,14,2,32,2,Regular Season,1,1,0,992
0,2004-3-3,27,1,0,3,Regular Season,1,0,0,993
0,2004-3-3,9,0,19,1,Regular Season,1,0,0,989
0,2004-3-3,31,3,21,4,Regular Season,1,0,0,990
0,2004-3-3,8,1,29,3,Regular Season,1,0,0,986
0,2004-3-3,17,1,28,3,Regular Season,1,0,0,985
0,2004-3-3,25,5,18,1,Regular Season,1,0,0,987
0,2004-3-3,12,5,34,0,Regular Season,1,0,0,988
0,2004-3-4,3,1,20,2,Regular Season,1,0,0,998
0,2004-3-4,16,3,23,0,Regular Season,1,0,0,997
0,2004-3-4,15,2,32,0,Regular Season,1,0,0,996
0,2004-3-4,11,4,35,1,Regular Season,1,0,0,995
0,2004-3-4,5,4,10,3,Regular Season,1,0,0,994
0,2004-3-5,10,2,22,4,Regular Season,1,0,0,1004
0,2004-3-5,26,0,0,4,Regular Season,1,0,0,1006
0,2004-3-5,29,1,21,2,Regular Season,1,0,0,1007
0,2004-3-5,9,3,18,2,Regular Season,1,0,0,1003
0,2004-3-5,14,1,28,4,Regular Season,1,0,0,1005
0,2004-3-5,33,6,24,3,Regular Season,1,0,0,999
0,2004-3-5,8,1,30,2,Regular Season,1,0,0,1000
0,2004-3-5,12,3,19,2,Regular Season,1,1,0,1002
0,2004-3-5,25,2,27,1,Regular Season,1,0,0,1001
0,2004-3-6,28,3,32,2,Regular Season,1,0,0,1014
0,2004-3-6,20,2,16,4,Regular Season,1,0,0,1013
0,2004-3-6,15,3,30,2,Regular Season,1,0,0,1015
0,2004-3-6,22,0,14,1,Regular Season,1,0,0,1017
0,2004-3-6,3,2,17,4,Regular Season,1,0,0,1016
0,2004-3-6,24,1,21,2,Regular Season,1,0,0,1009
0,2004-3-6,11,3,0,1,Regular Season,1,0,0,1012
0,2004-3-6,5,1,33,1,Regular Season,1,1,0,1008
0,2004-3-6,34,2,18,3,Regular Season,1,0,0,1010
0,2004-3-6,31,3,29,0,Regular Season,1,0,0,1011
0,2004-3-7,8,3,23,3,Regular Season,1,1,0,1019
0,2004-3-7,17,1,16,2,Regular Season,1,0,0,1018
0,2004-3-7,25,4,19,2,Regular Season,1,0,0,1020
0,2004-3-7,12,1,27,3,Regular Season,1,0,0,1021
0,2004-3-7,26,0,35,1,Regular Season,1,0,0,1023
0,2004-3-7,10,3,15,2,Regular Season,1,0,0,1022
0,2004-3-8,18,4,25,7,Regular Season,1,0,0,1027
0,2004-3-8,22,1,28,4,Regular Season,1,0,0,1028
0,2004-3-8,9,6,29,1,Regular Season,1,0,0,1025
0,2004-3-8,34,5,24,1,Regular Season,1,0,0,1024
0,2004-3-8,30,4,0,1,Regular Season,1,0,0,1026
0,2004-3-9,32,3,5,5,Regular Season,1,0,0,1033
0,2004-3-9,16,2,20,1,Regular Season,1,0,0,1036
0,2004-3-9,21,3,14,4,Regular Season,1,0,0,1032
0,2004-3-9,27,1,35,0,Regular Season,1,0,0,1035
0,2004-3-9,15,0,12,4,Regular Season,1,0,0,1034
0,2004-3-9,3,5,31,2,Regular Season,1,0,0,1037
0,2004-3-9,33,1,10,2,Regular Season,1,0,0,1029
0,2004-3-9,11,5,26,1,Regular Season,1,0,0,1031
0,2004-3-9,19,2,23,2,Regular Season,1,1,0,1030
0,2004-3-10,22,3,17,2,Regular Season,1,1,0,1042
0,2004-3-10,26,1,11,5,Regular Season,1,0,0,1040
0,2004-3-10,18,1,35,2,Regular Season,1,1,0,1041
0,2004-3-10,23,3,25,1,Regular Season,1,0,0,1039
0,2004-3-10,24,2,29,2,Regular Season,1,1,0,1038
0,2004-3-11,14,4,12,2,Regular Season,1,0,0,1048
0,2004-3-11,21,2,8,3,Regular Season,1,0,0,1047
0,2004-3-11,27,0,20,1,Regular Season,1,0,0,1049
0,2004-3-11,3,6,15,4,Regular Season,1,0,0,1051
0,2004-3-11,16,3,32,1,Regular Season,1,0,0,1050
0,2004-3-11,0,4,31,1,Regular Season,1,0,0,1046
0,2004-3-11,34,2,9,2,Regular Season,1,1,0,1044
0,2004-3-11,17,4,5,5,Regular Season,1,0,0,1043
0,2004-3-11,19,2,28,3,Regular Season,1,0,0,1045
0,2004-3-12,29,3,10,2,Regular Season,1,1,0,1056
0,2004-3-12,26,1,25,2,Regular Season,1,0,0,1055
0,2004-3-12,22,5,8,4,Regular Season,1,0,0,1057
0,2004-3-12,24,5,33,2,Regular Season,1,0,0,1052
0,2004-3-12,30,0,20,5,Regular Season,1,0,0,1054
0,2004-3-12,23,2,18,3,Regular Season,1,0,0,1053
0,2004-3-13,27,3,11,7,Regular Season,1,0,0,1065
0,2004-3-13,32,1,19,0,Regular Season,1,0,0,1063
0,2004-3-13,16,4,34,2,Regular Season,1,0,0,1066
0,2004-3-13,18,2,28,2,Regular Season,1,1,0,1068
0,2004-3-13,29,5,24,5,Regular Season,1,1,0,1067
0,2004-3-13,14,4,21,2,Regular Season,1,0,0,1064
0,2004-3-13,0,7,3,5,Regular Season,1,0,0,1062
0,2004-3-13,5,2,17,3,Regular Season,1,0,0,1059
0,2004-3-13,33,3,22,2,Regular Season,1,0,0,1058
0,2004-3-13,9,3,12,1,Regular Season,1,0,0,1060
0,2004-3-13,31,3,10,1,Regular Season,1,0,0,1061
0,2004-3-14,35,0,34,5,Regular Season,1,0,0,1074
0,2004-3-14,15,5,14,4,Regular Season,1,0,0,1075
0,2004-3-14,23,1,28,3,Regular Season,1,0,0,1072
0,2004-3-14,16,4,19,4,Regular Season,1,1,0,1076
0,2004-3-14,11,2,30,2,Regular Season,1,1,0,1073
0,2004-3-14,25,2,26,3,Regular Season,1,1,0,1070
0,2004-3-14,8,2,12,3,Regular Season,1,0,0,1069
0,2004-3-14,9,1,32,0,Regular Season,1,1,0,1071
0,2004-3-15,10,2,21,1,Regular Season,1,0,0,1079
0,2004-3-15,17,1,3,4,Regular Season,1,0,0,1078
0,2004-3-15,33,4,24,1,Regular Season,1,0,0,1077
0,2004-3-16,15,1,22,3,Regular Season,1,0,0,1087
0,2004-3-16,18,2,32,0,Regular Season,1,0,0,1090
0,2004-3-16,29,3,20,2,Regular Season,1,0,0,1088
0,2004-3-16,0,3,25,2,Regular Season,1,0,0,1085
0,2004-3-16,3,2,5,5,Regular Season,1,0,0,1089
0,2004-3-16,26,4,30,3,Regular Season,1,0,0,1086
0,2004-3-16,12,0,27,1,Regular Season,1,0,0,1080
0,2004-3-16,9,2,19,1,Regular Season,1,1,0,1081
0,2004-3-16,35,1,28,2,Regular Season,1,0,0,1084
0,2004-3-16,23,3,34,2,Regular Season,1,0,0,1082
0,2004-3-16,11,3,16,1,Regular Season,1,0,0,1083
0,2004-3-17,21,4,15,2,Regular Season,1,0,0,1095
0,2004-3-17,31,3,20,1,Regular Season,1,0,0,1093
0,2004-3-17,30,0,16,2,Regular Season,1,0,0,1094
0,2004-3-17,8,6,24,3,Regular Season,1,0,0,1092
0,2004-3-17,33,2,17,2,Regular Season,1,1,0,1091
0,2004-3-18,14,2,3,2,Regular Season,1,1,0,1101
0,2004-3-18,28,2,25,3,Regular Season,1,1,0,1100
0,2004-3-18,26,3,9,4,Regular Season,1,0,0,1102
0,2004-3-18,22,0,10,1,Regular Season,1,0,0,1104
0,2004-3-18,29,5,17,3,Regular Season,1,0,0,1103
0,2004-3-18,12,0,18,1,Regular Season,1,0,0,1098
0,2004-3-18,19,3,34,0,Regular Season,1,0,0,1097
0,2004-3-18,5,3,35,2,Regular Season,1,0,0,1096
0,2004-3-18,11,6,27,2,Regular Season,1,0,0,1099
0,2004-3-19,21,2,0,2,Regular Season,1,1,0,1109
0,2004-3-19,15,2,24,4,Regular Season,1,0,0,1111
0,2004-3-19,30,1,27,1,Regular Season,1,1,0,1108
0,2004-3-19,20,1,35,2,Regular Season,1,0,0,1110
0,2004-3-19,8,2,18,2,Regular Season,1,1,0,1106
0,2004-3-19,23,0,32,0,Regular Season,1,1,0,1107
0,2004-3-19,33,2,31,1,Regular Season,1,0,0,1105
0,2004-3-20,28,4,24,1,Regular Season,1,0,0,1118
0,2004-3-20,14,2,10,3,Regular Season,1,0,0,1119
0,2004-3-20,3,1,25,6,Regular Season,1,0,0,1120
0,2004-3-20,22,2,33,4,Regular Season,1,0,0,1121
0,2004-3-20,11,2,9,2,Regular Season,1,1,0,1116
0,2004-3-20,0,2,21,4,Regular Season,1,0,0,1117
0,2004-3-20,5,2,29,1,Regular Season,1,0,0,1112
0,2004-3-20,19,2,32,0,Regular Season,1,0,0,1113
0,2004-3-20,12,4,16,0,Regular Season,1,0,0,1114
0,2004-3-20,31,2,17,4,Regular Season,1,0,0,1115
0,2004-3-21,30,3,9,2,Regular Season,1,0,0,1123
0,2004-3-21,20,3,29,2,Regular Season,1,1,0,1124
0,2004-3-21,27,1,23,2,Regular Season,1,0,0,1126
0,2004-3-21,8,2,26,1,Regular Season,1,0,0,1122
0,2004-3-21,18,5,34,4,Regular Season,1,1,0,1127
0,2004-3-21,15,3,10,6,Regular Season,1,0,0,1125
0,2004-3-22,11,3,23,4,Regular Season,1,1,0,1129
0,2004-3-22,35,2,26,0,Regular Season,1,0,0,1130
0,2004-3-22,19,3,12,0,Regular Season,1,0,0,1128
0,2004-3-23,32,1,30,2,Regular Season,1,0,0,1135
0,2004-3-23,20,6,22,4,Regular Season,1,0,0,1136
0,2004-3-23,10,1,15,4,Regular Season,1,0,0,1137
0,2004-3-23,25,0,8,3,Regular Season,1,0,0,1133
0,2004-3-23,31,1,21,1,Regular Season,1,1,0,1134
0,2004-3-23,5,1,28,7,Regular Season,1,0,0,1131
0,2004-3-23,27,5,9,1,Regular Season,1,0,0,1138
0,2004-3-23,24,1,14,2,Regular Season,1,0,0,1132
0,2004-3-23,3,1,29,2,Regular Season,1,0,0,1139
0,2004-3-24,17,2,0,3,Regular Season,1,0,0,1141
0,2004-3-24,33,2,22,1,Regular Season,1,0,0,1140
0,2004-3-24,18,1,11,3,Regular Season,1,0,0,1145
0,2004-3-24,34,6,35,3,Regular Season,1,0,0,1142
0,2004-3-24,26,3,19,1,Regular Season,1,0,0,1144
0,2004-3-24,23,0,12,2,Regular Season,1,0,0,1143
0,2004-3-25,14,4,20,2,Regular Season,1,0,0,1152
0,2004-3-25,10,1,32,3,Regular Season,1,0,0,1151
0,2004-3-25,27,0,19,3,Regular Season,1,0,0,1153
0,2004-3-25,29,3,21,2,Regular Season,1,0,0,1155
0,2004-3-25,16,1,30,0,Regular Season,1,0,0,1154
0,2004-3-25,25,2,9,0,Regular Season,1,0,0,1149
0,2004-3-25,24,1,31,3,Regular Season,1,0,0,1147
0,2004-3-25,5,3,3,0,Regular Season,1,0,0,1146
0,2004-3-25,8,1,35,1,Regular Season,1,1,0,1148
0,2004-3-25,0,2,28,2,Regular Season,1,1,0,1150
0,2004-3-26,26,3,27,2,Regular Season,1,0,0,1160
0,2004-3-26,34,2,30,1,Regular Season,1,0,0,1158
0,2004-3-26,23,0,11,0,Regular Season,1,1,0,1159
0,2004-3-26,17,4,15,4,Regular Season,1,1,0,1157
0,2004-3-26,33,3,21,4,Regular Season,1,1,0,1156
0,2004-3-27,16,1,8,4,Regular Season,1,0,0,1169
0,2004-3-27,29,0,22,1,Regular Season,1,0,0,1170
0,2004-3-27,3,1,28,3,Regular Season,1,0,0,1171
0,2004-3-27,18,1,12,2,Regular Season,1,0,0,1172
0,2004-3-27,14,2,10,1,Regular Season,1,0,0,1167
0,2004-3-27,15,1,17,5,Regular Season,1,0,0,1168
0,2004-3-27,20,3,24,0,Regular Season,1,0,0,1166
0,2004-3-27,19,1,11,3,Regular Season,1,0,0,1162
0,2004-3-27,9,1,25,1,Regular Season,1,1,0,1163
0,2004-3-27,5,3,0,1,Regular Season,1,0,0,1161
0,2004-3-27,31,4,33,3,Regular Season,1,0,0,1164
0,2004-3-27,32,3,34,0,Regular Season,1,0,0,1165
0,2004-3-28,21,4,20,0,Regular Season,1,0,0,1176
0,2004-3-28,35,3,30,0,Regular Season,1,0,0,1175
0,2004-3-28,23,6,26,3,Regular Season,1,0,0,1174
0,2004-3-28,8,4,16,2,Regular Season,1,0,0,1173
0,2004-3-28,27,3,12,3,Regular Season,1,1,0,1177
0,2004-3-29,25,2,11,1,Regular Season,1,0,0,1179
0,2004-3-29,18,2,26,0,Regular Season,1,0,0,1184
0,2004-3-29,29,2,28,3,Regular Season,1,0,0,1182
0,2004-3-29,3,1,33,2,Regular Season,1,0,0,1183
0,2004-3-29,31,3,24,1,Regular Season,1,0,0,1181
0,2004-3-29,17,2,34,0,Regular Season,1,0,0,1178
0,2004-3-29,9,2,35,2,Regular Season,1,1,0,1180
0,2004-3-30,22,2,15,2,Regular Season,1,1,0,1189
0,2004-3-30,16,2,23,2,Regular Season,1,1,0,1188
0,2004-3-30,21,5,10,3,Regular Season,1,0,0,1186
0,2004-3-30,32,2,8,3,Regular Season,1,0,0,1187
0,2004-3-30,24,2,5,5,Regular Season,1,0,0,1185
0,2004-3-31,30,0,18,2,Regular Season,1,0,0,1195
0,2004-3-31,35,2,25,5,Regular Season,1,0,0,1196
0,2004-3-31,10,1,17,4,Regular Season,1,0,0,1198
0,2004-3-31,11,5,27,2,Regular Season,1,0,0,1194
0,2004-3-31,20,8,0,1,Regular Season,1,0,0,1197
0,2004-3-31,34,1,9,4,Regular Season,1,0,0,1190
0,2004-3-31,31,2,28,1,Regular Season,1,0,0,1193
0,2004-3-31,19,5,26,0,Regular Season,1,0,0,1191
0,2004-3-31,12,1,23,3,Regular Season,1,0,0,1192
0,2004-4-1,29,3,31,1,Regular Season,1,0,0,1203
0,2004-4-1,0,0,14,1,Regular Season,1,0,0,1201
0,2004-4-1,16,3,9,2,Regular Season,1,0,0,1202
0,2004-4-1,8,0,32,1,Regular Season,1,0,0,1200
0,2004-4-1,5,4,22,2,Regular Season,1,0,0,1199
0,2004-4-2,35,2,12,1,Regular Season,1,0,0,1209
0,2004-4-2,14,3,28,1,Regular Season,1,0,0,1210
0,2004-4-2,27,2,18,3,Regular Season,1,0,0,1211
0,2004-4-2,11,4,19,3,Regular Season,1,0,0,1208
0,2004-4-2,24,2,20,2,Regular Season,1,1,0,1206
0,2004-4-2,17,2,3,0,Regular Season,1,0,0,1205
0,2004-4-2,33,0,15,3,Regular Season,1,0,0,1204
0,2004-4-2,34,2,25,2,Regular Season,1,1,0,1207
0,2004-4-3,18,5,23,3,Regular Season,1,0,0,1219
0,2004-4-3,29,3,33,0,Regular Season,1,0,0,1218
0,2004-4-3,22,6,10,1,Regular Season,1,0,0,1220
0,2004-4-3,26,4,8,3,Regular Season,1,0,0,1217
0,2004-4-3,28,2,3,1,Regular Season,1,1,0,1216
0,2004-4-3,32,2,16,1,Regular Season,1,0,0,1215
0,2004-4-3,5,2,21,1,Regular Season,1,0,0,1212
0,2004-4-3,0,1,17,0,Regular Season,1,0,0,1214
0,2004-4-3,9,1,34,0,Regular Season,1,0,0,1213
0,2004-4-4,21,4,5,1,Regular Season,1,0,0,1226
0,2004-4-4,20,2,14,2,Regular Season,1,1,0,1227
0,2004-4-4,15,2,22,2,Regular Season,1,1,0,1228
0,2004-4-4,35,1,16,2,Regular Season,1,0,0,1225
0,2004-4-4,27,1,11,2,Regular Season,1,0,0,1229
0,2004-4-4,25,1,32,0,Regular Season,1,0,0,1221
0,2004-4-4,30,0,19,3,Regular Season,1,0,0,1224
0,2004-4-4,12,1,8,1,Regular Season,1,1,0,1222
0,2004-4-4,31,2,24,1,Regular Season,1,0,0,1223
0,2004-4-10,11,3,19,4,Playoffs,1,1,0,1473
0,2004-4-10,29,2,17,3,Playoffs,1,0,0,1469
0,2004-4-10,16,0,12,1,Playoffs,1,0,0,1471
0,2004-4-10,21,3,10,2,Playoffs,1,0,0,1467
0,2004-4-11,9,2,35,3,Playoffs,1,1,0,1474
0,2004-4-11,28,4,33,2,Playoffs,1,0,0,1468
0,2004-4-11,5,3,14,6,Playoffs,1,0,0,1470
0,2004-4-11,25,1,8,6,Playoffs,1,0,0,1472
0,2004-4-12,11,3,19,2,Playoffs,1,0,0,1481
0,2004-4-12,16,6,12,3,Playoffs,1,0,0,1479
0,2004-4-12,29,5,17,2,Playoffs,1,0,0,1477
0,2004-4-12,21,4,10,0,Playoffs,1,0,0,1475
0,2004-4-13,9,2,35,5,Playoffs,1,0,0,1482
0,2004-4-13,5,1,14,2,Playoffs,1,0,0,1478
0,2004-4-13,25,1,8,2,Playoffs,1,0,0,1480
0,2004-4-13,28,1,33,0,Playoffs,1,0,0,1476
0,2004-4-14,19,3,11,1,Playoffs,1,0,0,1489
0,2004-4-14,17,1,29,2,Playoffs,1,1,0,1485
0,2004-4-14,10,1,21,5,Playoffs,1,0,0,1483
0,2004-4-14,12,1,16,3,Playoffs,1,0,0,1487
0,2004-4-15,35,1,9,2,Playoffs,1,0,0,1490
0,2004-4-15,14,3,5,2,Playoffs,1,0,0,1486
0,2004-4-15,8,1,25,2,Playoffs,1,0,0,1488
0,2004-4-15,33,1,28,4,Playoffs,1,0,0,1484
0,2004-4-16,17,2,29,3,Playoffs,1,1,0,1493
0,2004-4-16,19,1,11,2,Playoffs,1,0,0,1497
0,2004-4-16,10,0,21,4,Playoffs,1,0,0,1491
0,2004-4-16,12,2,16,1,Playoffs,1,0,0,1495
0,2004-4-17,8,3,25,0,Playoffs,1,0,0,1496
0,2004-4-17,35,3,9,1,Playoffs,1,0,0,1498
0,2004-4-17,14,3,5,4,Playoffs,1,1,0,1494
0,2004-4-17,33,1,28,2,Playoffs,1,1,0,1492
0,2004-4-18,16,0,12,1,Playoffs,1,1,0,1501
0,2004-4-18,11,2,19,1,Playoffs,1,0,0,1503
0,2004-4-18,29,2,17,1,Playoffs,1,1,0,1499
0,2004-4-19,9,2,35,1,Playoffs,1,1,0,1504
0,2004-4-19,25,4,8,1,Playoffs,1,0,0,1502
0,2004-4-19,5,4,14,2,Playoffs,1,0,0,1500
0,2004-4-21,35,2,9,0,Playoffs,1,0,0,1509
0,2004-4-21,19,3,11,1,Playoffs,1,0,0,1508
0,2004-4-21,14,3,5,1,Playoffs,1,0,0,1505
0,2004-4-21,8,0,25,2,Playoffs,1,0,0,1507
0,2004-4-21,12,3,16,2,Playoffs,1,1,0,1506
0,2004-4-23,25,5,8,4,Playoffs,1,0,0,1510
0,2004-4-23,11,4,19,5,Playoffs,1,0,0,1511
0,2004-4-25,21,4,14,2,Playoffs,1,0,0,1512
0,2004-4-25,25,3,12,1,Playoffs,1,0,0,1514
0,2004-4-26,35,3,19,0,Playoffs,1,0,0,1515
0,2004-4-26,28,4,29,1,Playoffs,1,0,0,1513
0,2004-4-27,25,4,12,3,Playoffs,1,1,0,1518
0,2004-4-27,21,4,14,3,Playoffs,1,0,0,1516
0,2004-4-28,28,3,29,2,Playoffs,1,0,0,1517
0,2004-4-28,35,3,19,2,Playoffs,1,0,0,1519
0,2004-4-29,14,0,21,3,Playoffs,1,0,0,1520
0,2004-4-29,12,2,25,5,Playoffs,1,0,0,1522
0,2004-4-30,29,2,28,3,Playoffs,1,1,0,1521
0,2004-4-30,19,1,35,0,Playoffs,1,1,0,1523
0,2004-5-1,12,2,25,1,Playoffs,1,0,0,1526
0,2004-5-1,14,1,21,2,Playoffs,1,0,0,1524
0,2004-5-2,19,1,35,4,Playoffs,1,0,0,1527
0,2004-5-2,29,0,28,2,Playoffs,1,0,0,1525
0,2004-5-3,25,2,12,1,Playoffs,1,0,0,1528
0,2004-5-4,35,3,19,2,Playoffs,1,1,0,1529
0,2004-5-6,21,0,28,3,Playoffs,1,0,0,1530
0,2004-5-7,25,1,35,4,Playoffs,1,0,0,1531
0,2004-5-8,21,3,28,0,Playoffs,1,0,0,1532
0,2004-5-9,25,3,35,0,Playoffs,1,0,0,1533
0,2004-5-10,28,1,21,3,Playoffs,1,0,0,1534
0,2004-5-11,35,1,25,3,Playoffs,1,0,0,1535
0,2004-5-12,28,1,21,2,Playoffs,1,1,0,1536
0,2004-5-13,35,0,25,3,Playoffs,1,0,0,1537
0,2004-5-14,21,2,28,1,Playoffs,1,1,0,1538
0,2004-5-15,25,2,35,1,Playoffs,1,0,0,1539
0,2004-5-18,21,5,25,4,Playoffs,1,1,0,1540
0,2004-5-20,21,2,25,1,Playoffs,1,0,0,1541
0,2004-5-22,25,2,21,5,Playoffs,1,0,0,1542
0,2004-5-24,25,3,21,4,Playoffs,1,1,0,1543
